"";"classe 1";"classe 2";"classe 3";"classe 4";"classe 5"
"bolsonaro";0;0,041;0,264;0;0,017
"governo";0;0,601;0,946;0;0,049
"presidente";0;0,161;0,423;0;0,476
"país";0,002;0,014;0,962;0,36;0,159
"brasil";0,011;0,309;0,602;0,009;0,878
"ano";0;0;0;0,686;0,044
"dizer";0,104;0,131;0,999;0,782;0,772
"político";0,006;0,022;0,01;0;0,018
"política";0,017;0;0,533;0;0,712
"porcento";0,711;0;0;0;0
"direito";0;0;0;0,164;0,958
"novo";0,037;0,458;0,016;0,164;0,108
"trump";0;0;0,039;0,002;0
"mesmo";0,103;0,396;0,167;0,705;0,497
"populismo";0,744;0,616;0,547;0,002;0,004
"mundo";0,001;0,028;0;0;0,644
"pandemia";0,018;0;0,934;0,355;0,018
"público";0,795;0;0,11;0,419;0
"social";0,001;0,136;0;0,047;0
"econômico";0,001;0,303;0,36;0,849;0,002
"brasileiro";0,462;0,008;0;0,004;0,058
"dar";0,005;0,632;0,001;0,183;0,103
"vez";0,918;0,504;0,679;0,57;0,789
"partido";0,003;0;0,379;0,25;0
"economia";0;0;0,008;0;0
"mercado";0;0,823;0,007;0;0
"democracia";0;0;0;0,024;0,229
"dever";0,098;0,69;0,647;0,363;0,011
"eleição";0,099;0;0,341;0,032;0
"vacina";0,781;0,612;0,362;0,422;0,374
"grande";0,005;0,065;0,306;0,772;0,21
"lula";0;0;0,004;0,068;0,035
"só";0,487;0,894;0,084;0,014;0,403
"pessoa";0;0,003;0,038;0;0,217
"maior";0,002;0,054;0,015;0,26;0,179
"relação";0,381;0,371;0,629;0,746;0,087
"caso";0,051;0,008;0,025;0,088;0,64
"afirmar";0,881;0,527;0,118;0,085;0,903
"populista";0,04;0,002;0,633;0,095;0,009
"lei";0,001;0,303;0,027;0,002;0,013
"líder";0,015;0;0,146;0,012;0
"parecer";0,227;0,01;0,234;0,004;0,184
"preço";0,019;0;0,001;0;0
"saúde";0,232;0;0,008;0,033;0,076
"nacional";0,133;0,243;0,009;0,003;0,186
"querer";0,13;0,007;0,009;0,002;0,994
"último";0,025;0,036;0,205;0,224;0
"empresa";0;0,194;0,067;0;0,017
"ficar";0,09;0,217;0,001;0,377;0,322
"americano";0;0,024;0,637;0,578;0
"vir";0,032;0,188;0,669;0,069;0,019
"ministro";0;0,24;0,702;0;0,011
"meio";0,435;0,909;0,417;0,14;0,07
"medida";0,638;0;0,797;0;0,554
"liberal";0;0;0;0,088;0
"dia";0,127;0,815;0,008;0,109;0,012
"precisar";0,886;0,471;0,267;0,292;0,56
"passar";0,218;0,772;0,866;0,149;0,904
"forma";0,245;0,056;0,442;0;0,003
"deixar";0,066;0,742;0,09;0,092;0,157
"fiscal";0,397;0;0,008;0;0,001
"democrático";0,005;0;0;0,705;0,483
"chegar";0,061;0,016;0,116;0,109;0,012
"eua";0,004;0,01;0,008;0;0
"grupo";0,138;0,075;0,434;0,242;0,8
"defender";0,25;0,52;0;0,466;0,424
"paulo";0;0,918;0,044;0,007;0
"imprensa";0,539;0;0;0;0
"biden";0,004;0,001;0,003;0;0
"projeto";0;0,82;0,21;0,116;0,045
"importante";0,026;0,245;0,026;0,616;0,506
"próprio";0,921;0,82;0;0,007;0,093
"arma";0,63;0,009;0,371;0,105;0,3
"liberdade";0,001;0;0;0;0,01
"sociedade";0,019;0,048;0,044;0;0,001
"levar";0,608;0,178;0,095;0,378;0,657
"tornar";0,042;0,607;0,849;0,493;0,484
"republicano";0,002;0;0,095;0,027;0
"passado";0,028;0;0,007;0,088;0,084
"instituição";0,043;0,019;0;0,072;0,005
"falar";0,533;0,06;0,103;0,008;0,703
"saber";0,763;0,972;0,007;0,003;0,393
"fato";0,138;0,075;0,691;0,081;0,213
"risco";0,749;0;0,752;0,003;0,05
"federal";0,015;0,229;0,847;0,016;0,657
"coisa";0,098;0,023;0,01;0;0,176
"problema";0,895;0,607;0,074;0,013;0,09
"contar";0;0,44;0,02;0,258;0,46
"atual";0,018;0,514;0,005;0,065;0,071
"acontecer";0,062;0,135;0,018;0;0,506
"rcifrão";0;0;0,027;0;0,01
"mostrar";0,001;0,92;0,691;0,022;0,939
"congresso";0,572;0,004;0,009;0,001;0,008
"acreditar";0;0,044;0,008;0,17;0,142
"principal";0,029;0,619;0,487;0,96;0,003
"petrobras";0;0,023;0,003;0;0
"momento";0,313;0,116;0,072;0,2;0,017
"história";0,061;0,087;0,104;0;0,509
"força";0,002;0,038;0;0,009;0,015
"exemplo";0,183;0,667;0,525;0,269;0,844
"unido";0,006;0,026;0,179;0,105;0
"achar";0,024;0,007;0,124;0,001;0,086
"eleitoral";0,757;0,026;0,285;0,309;0,031
"jair";0,01;0,097;0,029;0,004;0,46
"conseguir";0,26;0,159;0,027;0,666;0,043
"crise";0,051;0,508;0,626;0,981;0,121
"vida";0,283;0,391;0;0,74;0,173
"valor";0,815;0,001;0,882;0,791;0,002
"processo";0,146;0,429;0,757;0,005;0,364
"gente";0,077;0,17;0,356;0,015;0,025
"efeito";0,915;0;0,226;0,447;0,067
"continuar";0,437;0,062;0,021;0,371;0,036
"candidato";0;0,005;0,085;0,001;0
"autoritário";0,056;0,001;0;0,005;0,001
"voto";0,935;0,127;0,011;0,245;0
"voltar";0,963;0,253;0,786;0,299;0,902
"questão";0,335;0,127;0,102;0;0,658
"diferente";0,02;0,005;0,883;0;0,789
"resultado";0,032;0;0,834;0,149;0,844
"reforma";0;0,001;0,021;0;0,002
"perder";0,091;0,038;0,656;0,867;0,959
"militar";0,448;0,546;0;0;0,022
"esquerdo";0,011;0,008;0,828;0,001;0,204
"difícil";0,082;0,055;0,284;0;0,865
"aumento";0,032;0;0,134;0,016;0,006
"segurança";0,012;0,785;0;0,015;0,183
"povo";0,072;0,007;0,78;0;0,714
"discurso";0,818;0,353;0,612;0,014;0,033
"colocar";0,52;0,211;0,713;0,179;0
"próximo";0,448;0,089;0,025;0,002;0
"manter";0,035;0,461;0,257;0,371;0,537
"longo";0,238;0,001;0,356;0,129;0,685
"deputado";0,089;0,538;0,48;0,161;0,002
"câmara";0,367;0,784;0,91;0,062;0,005
"considerar";0,109;0,87;0,356;0,646;0,123
"bom";0,614;0,188;0,071;0,264;0,137
"bem";0,168;0,897;0,124;0;0,037
"acabar";0,007;0,004;0,078;0,814;0,102
"melhor";0,044;0,696;0,021;0,124;0,048
"global";0,132;0,943;0,594;0,497;0,853
"covid_19";0,025;0;0,512;0,984;0,116
"china";0,072;0,002;0,04;0,014;0
"aumentar";0,26;0;0,027;0,445;0,071
"alto";0,053;0;0,204;0,002;0,012
"agenda";0;0,129;0,555;0,008;0,007
"humano";0,061;0,116;0;0,95;0,624
"auxílio";0,004;0;0,007;0;0,001
"apoio";0,064;0,883;0,384;0,015;0,043
"sistema";0,072;0,807;0,002;0,984;0,443
"mês";0,025;0,001;0,04;0,002;0
"livro";0,133;0,004;0,425;0;0,46
"ideia";0,396;0,562;0,044;0;0,271
"ganhar";0,26;0,001;0,175;0,814;0,005
"financeiro";0;0,323;0,025;0,005;0,025
"emergencial";0,16;0;0,011;0;0,001
"decisão";0;0,019;0,824;0,731;0,27
"ação";0,001;0,268;0,934;0,044;0,08
"possível";0,483;0,308;0,384;0,217;0,297
"mídia";0,08;0,026;0,901;0;0,271
"movimento";0,16;0,127;0,477;0,052;0,253
"investimento";0,111;0;0,015;0,003;0,072
"frente";0,296;0,741;0,048;0,008;0
"começar";0,016;0,159;0,027;0,057;0,625
"claro";0,176;0,061;0,851;0,015;0,662
"violência";0,031;0,179;0,019;0,359;0,839
"república";0,692;0,177;0,003;0,073;0,139
"lado";0,108;0,225;0,12;0,948;0,22
"internacional";0,034;0,089;0,632;0,001;0,771
"gestão";0,214;0,749;0,5;0,637;0,402
"existir";0,042;0,87;0,723;0;0,011
"casa";0,854;0,074;0,093;0,612;0
"campanha";0,034;0,995;0,327;0,026;0
"seguir";0,16;0,054;0,102;0,827;0
"preciso";0;0,562;0,013;0,791;0,773
"população";0,031;0,113;0,019;0,359;0,007
"jornalista";0,405;0,004;0;0,348;0,213
"criar";0,038;0,008;0,362;0,124;0,082
"usar";0,038;0,612;0,94;0,023;0,189
"sair";0,43;0,613;0,368;0,841;0,839
"rede";0,212;0,078;0;0,841;0,535
"número";0,724;0;0,629;0,02;0,082
"guerra";0,025;0,289;0,262;0,038;0,101
"esperar";0,012;0,091;0,015;0,001;0,05
"constituição";0,01;0,205;0;0,026;0,168
"cenário";0,062;0,006;0,901;0,006;0,271
"caminho";0,193;0,138;0,044;0,093;0,001
"vacinação";0,163;0;0,498;0,029;0,303
"setor";0,312;0;0,077;0,265;0,004
"semana";0,467;0,091;0,015;0,439;0,05
"produto";0,63;0;0,152;0,452;0,011
"presidência";0,157;0,433;0,185;0,158;0,024
"falta";0,926;0,068;0,125;0,489;0,233
"donald";0,042;0,004;0,393;0,001;0
"certo";0,108;0,434;0,676;0,008;0,641
"branco";0,054;0,032;0,113;0,787;0,041
"ponto";0,013;0,849;0;0,403;0,013
"guedes";0;0,868;0,284;0;0,002
"controlo";0,917;0,001;0,498;0,073;0,562
"gasto";0,593;0;0,02;0;0,013
"folha";0;0,282;0,827;0,006;0,46
"espaço";0,505;0,676;0,622;0,133;0,771
"acordo";0,012;0,479;0,175;0,039;0
"visão";0;0,635;0,878;0,871;0,005
"tratar";0,018;0,943;0,041;0,139;0,158
"situação";0,641;0,428;0,824;0,232;0,122
"polícia";0,055;0,282;0,424;0,042;0
"pior";0,505;0,205;0,053;0,077;0,027
"gerar";0,467;0;0,147;0,062;0,008
"década";0,961;0,05;0,425;0,289;0,15
"chamar";0,163;0,165;0,712;0,58;0,095
"regime";0,19;0,044;0,1;0,855;0,415
"produzir";0,055;0,233;0,617;0,378;0,974
"mudar";0,163;0,021;0,085;0;0,562
"mudança";0,84;0,011;0,334;0,681;0,168
"enfrentar";0,338;0,032;0,77;0,967;0,122
"educação";0,072;0;0,03;0,016;0,006
"debate";0,604;0,146;0,419;0,232;0,27
"baixo";0,147;0;0,077;0,731;0,27
"ataque";0,015;0,005;0;0,008;0,015
"aprovar";0,789;0;0,03;0,001;0,957
"uso";0,044;0,045;0,002;0,404;0,065
"trazer";0,663;0,014;0,02;0,496;0,107
"tomar";0,133;0,057;0,21;0,731;0,046
"professor";0,023;0,097;0,023;0,169;0,88
"permitir";0,803;0,869;0,582;0,22;0,382
"morte";0,025;0;0,33;0,785;0,233
"liberalismo";0,593;0,004;0;0,939;0,004
"inflação";0,641;0;0,022;0,008;0,004
"expressão";0,015;0,019;0;0,008;0,122
"ex_presidente";0;0,01;0,884;0,069;0,802
"contrário";0,593;0,801;0,025;0,111;0,894
"ambiente";0,454;0,612;0,362;0,124;0,031
"viver";0,02;0,028;0,993;0;0,18
"termo";0,032;0,145;0,008;0,002;0,011
"recurso";0,926;0;0,33;0,025;0,031
"receber";0,854;0,074;0,093;0,493;0,025
"pesquisa";0,343;0,142;0,204;0,194;0,775
"papel";0,163;0,006;0,052;0,034;0,897
"milhão";0,443;0,012;0,103;0,23;0,325
"futuro";0,37;0,661;0,498;0,084;0,303
"entrar";0,069;0,008;0,275;0,22;0,604
"energia";0,007;0;0,04;0,01;0,01
"combustível";0,16;0;0,02;0;0,004
"cargo";0,443;0,028;0,595;0,005;0
"campo";0,147;0,579;0,001;0,232;0,015
"tema";0,028;0,974;0,138;0;0,108
"século";0,08;0,009;0,537;0;0,205
"responsabilidade";0,724;0,222;0,243;0,495;0,082
"reduzir";0,979;0;0,21;0,134;0,047
"necessário";0,863;0,002;0,537;0,132;0,082
"impedir";0,109;0,986;0,498;0,073;0,223
"general";0;0,015;0,688;0,004;0,11
"europeu";0,199;0,211;0,03;0,045;0
"apresentar";0,53;0,899;0,205;0,785;0,477
"tribunal";0,437;0,083;0,077;0,54;0,068
"supremo";0,084;0,163;0,912;0,717;0,74
"redução";0,746;0;0,539;0,013;0,158
"pt";0,001;0,025;0,093;0,279;0,62
"proposta";0,089;0;0,33;0,069;0,233
"programa";0,464;0;0,847;0,016;0,048
"polarização";0,089;0,899;0,017;0,126;0,031
"modo";0,658;0,538;0,003;0,785;0,008
"incluir";0,139;0,422;0,472;0,158;0,005
"europa";0,017;0,352;0,025;0,003;0
"democrata";0,017;0,021;0,372;0,312;0
"recente";0,464;0,867;0,167;0,112;0,143
"lira";0,626;0,209;0,119;0,014;0,502
"instituto";0,359;0,328;0,579;0,419;0,754
"evitar";0,072;0,759;0,595;0,109;0,001
"estatal";0;0,166;0,048;0,001;0,013
"escrever";0,367;0,066;0,185;0;0,728
"cair";0,009;0,024;0,498;0,161;0,017
"volta";0,193;0,524;0,103;0,696;0,957
"subir";0,054;0;0,033;0,006;0,007
"representar";0,244;0,899;0,48;0,126;0,233
"lugar";0,746;0,025;0,093;0,008;0,382
"forte";0,221;0,827;0,629;0,274;0,003
"crítica";0,443;0,211;0;0,23;0,681
"civil";0,028;0,596;0,171;0,034;0,265
"apoiar";0,111;0,342;0,395;0,452;0
"ameaça";0,433;0,268;0,001;0,001;0,382
"sinal";0,054;0,485;0,301;0,495;0,533
"sentido";0,028;0,127;0,732;0;0,265
"senado";0,077;0,672;0,097;0,006;0
"romance";0,138;0,088;0,164;0;0,08
"real";0,869;0;0,167;0,016;0,143
"publicar";0,498;0,322;0,361;0,119;0,027
"protesto";0,032;0,658;0,788;0,906;0,014
"posse";0,747;0,066;0,472;0,006;0
"pequeno";0,062;0,166;0,048;0,042;0,34
"oposição";0,1;0,127;0,171;0,384;0,005
"ocorrer";0,578;0,304;0,732;0,206;0,722
"ministério";0,573;0;0,617;0,042;0,088
"maneira";0,032;0,566;0,754;0,063;0,3
"juro";0,53;0;0,036;0,002;0,008
"inteligência";0,597;0,325;0,518;0,798;0,815
"imposto";0,1;0;0,361;0,01;0,722
"explicar";0,687;0,867;0,432;0,252;0,657
"estratégia";0,02;0,211;0;0,427;0,604
"dólar";0,004;0;0,044;0,003;0,042
"crime";0,356;0,099;0,649;0,235;0,138
"crescimento";0,926;0;0,125;0,069;0,233
"único";0,1;0,335;0,361;0,034;0,265
"tradicionalismo";0,077;0,042;0,097;0;0,38
"regra";0,403;0,784;0,91;0,614;0,728
"presidencial";0,032;0,013;0,395;0,013;0
"limite";0,111;0;0,152;0,581;0,125
"lembrar";0,332;0,726;0,847;0,252;0,947
"início";0,021;0,948;0,754;0,452;0,125
"intervenção";0;0,538;0,884;0,002;0,008
"impacto";0,271;0;0,138;0,195;0,01
"garantir";0,288;0,96;0,226;0,479;0,343
"final";0,1;0,335;0,04;0,987;0,02
"banco";0;0,014;0,04;0,032;0,036
"ajudar";0,111;0,145;0,14;0,581;0,335
"vender";0;0,189;0,053;0,158;0,056
"responder";0,498;0,45;0,277;0,95;0,624
"possibilidade";0,94;0,28;0,395;0,751;0,971
"mandato";0,578;0,304;0,002;0,384;0,893
"interesse";0,687;0,166;0;0,129;0,657
"defesa";0,573;0,101;0;0,012;0,251
"central";0,578;0,05;0,138;0,987;0,893
"capaz";0,687;0,867;0,167;0,013;0,143
"vista";0,367;0,189;0;0,158;0,385
"união";0,528;0,009;0,152;0,001;0,05
"temer";0;0,057;0,167;0,283;0,143
"stf";0,199;0,139;0;0,379;0,129
"pensar";0,332;0,057;0,432;0;0,34
"nível";0,039;0,017;0,621;0,614;0,728
"notícia";0,235;0,948;0,395;0,906;0,592
"ideológico";0,194;0,015;0,001;0,797;0,048
"golpe";0,63;0,145;0,001;0,013;0,05
"executivo";0,797;0;0,185;0,02;0,056
"empresário";0;0,229;0,048;0,004;0,143
"depender";0,049;0,546;0,489;0,033;0,492
"constitucional";0,217;0,45;0;0,003;0,027
"capacidade";0,055;0;0,036;0,042;0,088
"autor";0,332;0,015;0,432;0;0,34
"artigo";0,812;0,487;0;0,71;0,065
"valer";0,236;0,953;0,147;0,929;0,023
"turno";0,004;0,247;0,226;0,237;0,343
"tentativa";0,343;0,487;0,067;0,026;0,413
"significar";0,069;0,037;0,306;0,772;0,428
"queda";0,124;0,001;0,432;0,528;0,657
"prático";0,45;0,087;0;0,815;0,492
"preocupação";0,881;0;0,564;0,033;0,218
"prazo";0,173;0;0,226;0,033;0,02
"plano";0,403;0,799;0,185;0,02;0,001
"nome";0,051;0,322;0,114;0,015;0,512
"médio";0,111;0,112;0,395;0,063;0,125
"moderno";0,035;0,057;0,112;0;0,048
"itália";0,044;0,216;0,059;0,007;0
"italiano";0,406;0,02;0,059;0,404;0
"geração";0,155;0,354;0,059;0;0,017
"geral";0,648;0,546;0,564;0,009;0,02
"fossar";0,049;0,291;0,05;0,237;0,687
"encontrar";0,403;0,784;0,472;0,338;0,487
"desigualdade";0,332;0,493;0,048;0;0,013
"desenvolvimento";0,723;0,487;0,555;0,052;0,017
"crescer";0,039;0,799;0,185;0;0,385
"cidadão";0,049;0,247;0,009;0,096;0,218
"base";0,45;0,96;0;0,098;0,492
"assumir";0,367;0,189;0,185;0,19;0,082
"amigo";0,887;0,134;0,736;0,023;0,331
"ambiental";0,812;0,877;0,059;0,016;0,436
"área";0,288;0,107;0,489;0,098;0,218
"vírus";0,055;0;0,617;0,042;0,599
"tipo";0,498;0,282;0,147;0,171;0,251
"taxa";0,124;0;0,048;0,004;0,048
"responsável";0,147;0,136;0,736;0,772;0,032
"região";0,035;0,015;0,048;0,013;0,002
"realidade";0,049;0,247;0,564;0;0,218
"posição";0,869;0,166;0,112;0,528;0,564
"perceber";0,217;0,031;0,361;0,002;0,288
"organização";0,035;0,015;0,001;0,252;0,947
"nação";0,723;0,076;0,516;0,308;0,413
"mentira";0,573;0,027;0;0,042;0,974
"justiça";0,574;0,525;0,008;0,572;0,129
"família";0,095;0,291;0,954;0,098;0,492
"extremo";0,039;0,018;0,472;0,002;0,224
"avanço";0,573;0,532;0,881;0,692;0,088
"ato";0,887;0,762;0,016;0,004;0,167
"washington";0,049;0,024;0,065;0,009;0
"usado";0,437;0,743;0,001;0,069;0,659
"transformar";0,954;0,101;0,25;0,019;0,974
"resposta";0,049;0,247;0,954;0,033;0,687
"prever";0,498;0,02;0,881;0,929;0,088
"pedir";0,095;0,087;0,954;0,479;0,343
"partir";0,273;0,848;0,649;0,235;0,032
"livre";0,139;0,189;0,003;0,338;0,224
"liderança";0,049;0,024;0,05;0,009;0,492
"jornal";0,002;0,027;0,424;0,378;0,023
"investidor";0;0,216;0,059;0,007;0,017
"impor";0,11;0,099;0,803;0,025;0,786
"figura";0,194;0,101;0,424;0,019;0,555
"entrevista";0,147;0,368;0,306;0,824;0,838
"economista";0;0,045;0,059;0,026;0,017
"diferença";0,406;0,216;0,059;0,001;0,805
"custo";0,498;0;0,25;0,003;0,023
"corrupção";0,903;0,065;0,132;0,007;0,915
"conservador";0,049;0,024;0;0,81;0,687
"conselho";0;0,076;0,204;0,026;0,436
"cientista";0,086;0,048;0,875;0,028;0,274
"centro";0,426;0,036;0,088;0,005;0,701
"américa";0,039;0,018;0,053;0;0,487
"adotar";0,45;0,96;0,226;0,033;0,492
"acesso";0,097;0,209;0,954;0,003;0,502
"abrir";0,194;0,004;0,072;0,042;0,028
"série";0,345;0,209;0,954;0;0,05
"sol";0,459;0,394;0,487;0,18;0,574
"serviço";0,243;0;0,088;0,004;0,701
"sanitário";0,968;0,055;0,806;0,35;0,288
"razão";0,243;0,037;0,306;0,463;0,331
"pressão";0,001;0,181;0,674;0,015;0,288
"obra";0,307;0,941;0,377;0,568;0,274
"news";0,002;0,18;0,043;0,032;0,437
"necessidade";0,194;0,953;0,036;0,692;0,251
"juiz";0,307;0,18;0,195;0,568;0,638
"janeiro";0,217;0,055;0,361;0,003;0,072
"inimigo";0,723;0,076;0,002;0,927;0,189
"filho";0,243;0,036;0,728;0,213;0,167
"esforço";0,194;0,02;0,617;0,565;0,974
"entender";0,881;0,247;0,226;0;0,076
"decreto";0,202;0,101;0,573;0,151;0,11
"comercial";0,055;0,282;0,072;0,012;0
"causa";0,217;0,862;0,361;0,575;0,624
"apontar";0,954;0,282;0,617;0,019;0,251
"tirar";0,498;0,233;0,617;0,565;0,599
"tender";0,173;0,247;0,05;0,475;0,887
"sofrer";0,356;0,42;0,01;0,508;0,138
"período";0,45;0,615;0,184;0,237;0,687
"ordem";0,273;0,155;0;0,508;0,786
"importar";0,199;0,835;0,812;0,02;0,129
"governador";0,887;0,768;0,728;0,772;0,701
"fundo";0,006;0,762;0,088;0,423;0,838
"estabelecer";0,498;0,953;0;0,289;0,088
"escritor";0,122;0,075;0,147;0;0,068
"emprego";0,802;0;0,097;0,006;0,037
"eleitor";0,954;0,027;0,25;0,378;0,028
"desafio";0,049;0,96;0,489;0,81;0,343
"derrota";0,055;0,282;0,072;0,042;0
"criticar";0,288;0,087;0;0,009;0,492
"coronavírus";0,077;0,3;0,803;0,358;0,786
"conta";0,968;0,002;0,806;0,152;0,102
"condição";0,307;0,233;0,875;0,607;0,638
"comando";0;0,282;0,147;0,224;0,659
"científico";0,077;0,155;0,001;0,148;0,138
"chance";0;0,134;0,088;0,423;0,701
"chamado";0,055;0,056;0,489;0,186;0,05
"anterior";0,672;0,155;0,803;0,049;0,786
"ajuda";0,147;0,368;0,728;0,772;0,701
"aberto";0,802;0,848;0,34;0,893;0,348
"sugerir";0,086;0,479;0,875;0,977;0,019
"retorno";0,29;0,941;0,875;0,291;0,638
"petróleo";0,498;0;0,079;0,015;0,027
"pesquisador";0,138;0,088;0,05;0,856;0,26
"neoliberal";0,061;0,322;0;0,003;0,027
"milícia";0,802;0,155;0;0,086;0,138
"manaus";0,155;0;0,183;0,793;0,355
"liderar";0,819;0,546;0,119;0,721;0,011
"koch";0,086;0,18;0,108;0,265;0,003
"investir";0;0,835;0,228;0,198;0,129
"indústria";0,908;0,052;0,164;0,656;0,754
"escola";0,217;0,683;0,277;0,002;0,288
"ditadura";0,077;0,848;0;0,025;0,739
"dinheiro";0,071;0,532;0,072;0,565;0,974
"dilma";0;0,02;0,072;0,012;0,088
"despesa";0,55;0;0,079;0,003;0,027
"corte";0,273;0,42;0,062;0,235;0,123
"confiança";0,002;0,953;0,25;0,042;0,599
"ciência";0,069;0,762;0,728;0,005;0,119
"cidade";0,388;0,622;0,132;0,007;0,575
"aprovação";0,498;0;0,674;0,003;0,624
"apoiador";0,217;0,031;0,806;0,289;0,072
"senador";0,109;0,242;0,132;0,012;0
"rico";0,077;0,099;0,649;0,893;0,786
"popular";0,217;0,012;0,361;0,663;0,102
"pec";0,069;0;0,088;0,004;0,032
"negro";0,307;0,18;0,377;0,006;0,878
"mundial";0,243;0,372;0,088;0,423;0,011
"membro";0;0,116;0,277;0,015;0,072
"local";0,097;0,546;0,003;0,041;0,057
"fundamental";0,069;0,762;0;0,824;0,119
"evento";0,217;0,116;0,361;0,575;0,219
"estimular";0,819;0,481;0,954;0,009;0,011
"equipa";0;0,181;0,079;0,003;0,102
"diverso";0,023;0,155;0,01;0,235;0,138
"cultural";0,077;0,042;0,34;0;0,037
"controlar";0,273;0;0,803;0,235;0,38
"consequência";0,086;0,002;0,377;0,568;0,161
"conhecido";0,307;0,18;0,108;0,977;0
"combate";0,109;0,027;0,466;0,332;0,22
"clima";0,887;0,368;0,736;0,423;0,049
"ciclo";0,086;0,18;0,377;0;0,437
"centrão";0,887;0,136;0,736;0,019;0,167
"carta";0,887;0,134;0,086;0,004;0,002
"ativo";0;0,576;0,875;0,11;0,043
"atingir";0,608;0,037;0,088;0,772;0,838
"acusar";0,173;0,065;0,41;0,697;0,575
"índio";0,199;0,525;0,228;0,875;0,008
"votar";0,307;0,479;0,569;0,007;0
"vitória";0,307;0,048;0,377;0,977;0
"vencer";0,437;0,282;0,519;0,555;0,102
"tradicional";0,388;0,065;0,466;0,697;0,006
"seguidor";0,069;0,036;0,088;0,001;0,167
"russo";0,446;0,743;0,147;0,224;0,102
"resultar";0,014;0,068;0,569;0,007;0,161
"repetir";0,273;0,848;0,34;0,086;0
"proteção";0,077;0,42;0;0,508;0,786
"proteger";0,307;0,576;0,569;0,265;0,161
"privado";0,715;0,068;0,377;0,607;0,437
"popularidade";0,426;0,007;0,088;0,423;0,331
"pauta";0,228;0,209;0,149;0,445;0,05
"parlamento";0,802;0,155;0,803;0,086;0,001
"palavra";0,388;0,242;0,466;0,121;0,44
"objectivo";0,626;0,209;0,489;0,186;0,188
"negócio";0,307;0,479;0,108;0,568;0,019
"morrer";0,109;0,242;0,962;0,001;0,22
"menor";0,356;0;0,097;0,006;0,786
"ler";0,077;0,42;0,097;0;0,786
"jornalismo";0,273;0,042;0,649;0;0,138
"jogar";0;0,768;0,306;0,189;0,032
"joe";0,243;0,036;0,088;0,019;0
"institucional";0,742;0,18;0,006;0,977;0,437
"inquérito";0,084;0,617;0,36;0,058;0,74
"informação";0,388;0,065;0;0,441;0,058
"incerteza";0,006;0;0,306;0,004;0,032
"imagem";0,388;0,242;0,466;0,033;0,915
"histórico";0,109;0,242;0,41;0,849;0,035
"governar";0,243;0,134;0,728;0,463;0,167
"fácil";0,345;0,546;0,419;0,003;0,188
"funcionar";0,672;0,042;0,246;0,148;0,786
"especialista";0,086;0,941;0,001;0,11;0,638
"envolver";0,307;0,233;0,377;0,568;0,878
"eleger";0,626;0,209;0,003;0,359;0,502
"devido";0,307;0,479;0,195;0,607;0,274
"coalizão";0,069;0,134;0,306;0,019;0
"candidatura";0,036;0,065;0,132;0,441;0,035
"busca";0,08;0,18;0,569;0,977;0,437
"bannon";0,392;0,325;0,422;0,056;0,815
"autoridade";0,819;0,96;0,028;0,139;0,978
"ascensão";0,608;0,134;0,306;0,005;0,701
"amplo";0,307;0,576;0,377;0,607;0,086
"vacinar";0,014;0,941;0,569;0,11;0,437
"universidade";0,494;0,328;0,579;0,039;0,754
"suposto";0,388;0,242;0;0,054;0,915
"saída";0,055;0,056;0,419;0,041;0,001
"renda";0,086;0;0,108;0,291;0,161
"qualidade";0,097;0,209;0,419;0;0,188
"pessoal";0,742;0,18;0,195;0,11;0,019
"pergunta";0,908;0,088;0,164;0,039;0,684
"oxigênio";0,392;0,123;0,422;0,409;0,313
"narrativa";0,097;0,056;0,954;0;0,502
"mulher";0,345;0,056;0,419;0,014;0,538
"indicar";0,742;0,941;0,108;0,098;0,878
"homem";0,345;0,056;0,119;0,003;0,538
"funcionário";0,29;0,479;0,108;0,11;0,003
"exército";0,931;0,543;0,259;0,34;0,692
"exigir";0,437;0,002;0,519;0,069;0,802
"estrutura";0,086;0,941;0,195;0,098;0,161
"escolha";0,055;0,056;0,954;0,359;0,208
"direção";0,742;0,941;0,377;0,607;0,086
"diretor";0,08;0,18;0,108;0,098;0,437
"direto";0,819;0,044;0,954;0,359;0,502
"diesel";0,715;0;0,108;0,007;0,043
"destacar";0,994;0,282;0;0,016;0,659
"cercar";0,199;0,006;0,228;0,875;0,493
"avaliar";0,536;0,854;0,132;0,332;0,575
"atenção";0,626;0,174;0,954;0,041;0,538
"armado";0,138;0,088;0;0,02;0,302
"argumento";0,097;0,481;0,149;0,445;0,188
"aprender";0,935;0,228;0,325;0,449;0,005
"aliado";0,742;0,233;0,108;0,007;0
"agência";0;0,546;0,419;0,139;0,502
"adversário";0,388;0,065;0,962;0,332;0,15
"veículo";0,819;0,056;0;0,359;0,188
"tributário";0,715;0;0,377;0,007;0,043
"texto";0,632;0,101;0,204;0,534;0,418
"terminar";0,536;0,389;0,466;0,177;0,44
"teoria";0,097;0,546;0,419;0,014;0,978
"tecnologia";0,257;0,728;0,973;0,133;0,692
"surgir";0,109;0,242;0;0,441;0,575
"silva";0;0,102;0,183;0,026;0,094
"ruim";0;0,481;0,119;0,139;0,188
"rio";0,817;0,693;0,003;0,058;0,583
"resolver";0,001;0,546;0,419;0,359;0,502
"recuperação";0,097;0;0,119;0,041;0,538
"recuperar";0,29;0,576;0,377;0,291;0,638
"preferir";0,903;0,622;0,962;0,697;0,915
"perspectiva";0,122;0,743;0,872;0,233;0,659
"parlamentar";0,558;0,102;0,677;0,793;0,037
"pagar";0,08;0,002;0,108;0,007;0,878
"olhar";0,138;0,088;0,777;0,001;0,302
"medo";0,715;0,048;0,875;0,607;0,019
"manifestação";0,173;0,242;0,41;0,441;0,915
"maia";0,691;0,4;0,204;0,534;0,418
"legal";0,228;0,044;0,419;0,359;0,188
"lançar";0,903;0,854;0,132;0,441;0,035
"jogo";0,819;0,056;0,119;0,003;0,978
"imaginar";0,903;0,065;0,132;0;0,22
"ideologia";0,086;0,18;0,006;0,098;0,161
"frança";0,109;0,242;0,132;0,849;0
"enorme";0,388;0,124;0,132;0,441;0,15
"eletrobras";0;0,027;0,132;0,012;0,058
"definir";0,437;0,075;0,519;0,233;0,102
"decidir";0,122;0,303;0,519;0,233;0,659
"curto";0,345;0;0,419;0,139;0,188
"cultura";0,097;0,056;0,489;0,014;0,978
"citar";0,086;0,225;0,262;0,02;0,302
"chinês";0,392;0,325;0,422;0,798;0,006
"chefe";0,307;0,048;0,377;0,291;0
"buscar";0,359;0,805;0,262;0,284;0,754
"bolsa";0;0,233;0,377;0,032;0,043
"antigo";0,388;0,065;0,132;0,033;0,15
"ameaçar";0;0,242;0,962;0,012;0,44
"amazônia";0,097;0,056;0,119;0,139;0
"agir";0,994;0,743;0,519;0,073;0,068
"administração";0;0,048;0,569;0,291;0,161
"aceitar";0,819;0,546;0,028;0,139;0,538
"via";0,055;0,209;0,028;0,041;0,978
"velho";0,494;0,328;0,262;0,152;0,302
"torno";0,097;0,546;0,489;0,839;0,208
"the";0,558;0,383;0,183;0,089;0,564
"teto";0,155;0;0,183;0,026;0,094
"superar";0,359;0,328;0,164;0,152;0,754
"relevante";0,691;0,448;0,724;0,046;0,11
"reforçar";0,138;0,328;0;0,02;0,26
"reeleição";0,002;0,282;0,872;0,991;0,068
"provocar";0,109;0,027;0,41;0,012;0,15
"promover";0,994;0,002;0,519;0,224;0,257
"profundo";0,109;0,622;0,132;0;0,058
"produção";0,338;0,022;0,369;0,597;0,987
"preparar";0,277;0,157;0,677;0,026;0,862
"pobre";0,388;0,124;0,018;0,441;0,058
"orçamento";0,388;0;0,132;0,012;0,058
"organizar";0,345;0,209;0,954;0,014;0,502
"norma";0,277;0,913;0;0,026;0,094
"negativo";0,004;0,124;0,466;0,177;0,058
"navalni";0,337;0,728;0,973;0,076;0,137
"mão";0,228;0,056;0,489;0,186;0,188
"máquina";0,931;0,543;0,973;0,893;0,692
"marcar";0,109;0,622;0,41;0,121;0,575
"lógica";0,055;0,96;0,419;0,445;0,05
"literatura";0,109;0,065;0,466;0;0,058
"listar";0,138;0,629;0,164;0,02;0
"isolamento";0,109;0,854;0,41;0,121;0,22
"investigação";0,338;0,271;0,69;0,597;0,027
"insumo";0,597;0,005;0,422;0,181;0,313
"iniciativa";0,228;0;0,954;0,009;0,05
"importância";0,109;0,242;0,002;0,441;0,44
"impeachment";0,903;0,242;0,962;0,054;0,001
"gás";0,626;0;0,419;0,041;0,188
"gostar";0,345;0,96;0,419;0,186;0,978
"frio";0,122;0,708;0,147;0,555;0,02
"fortalecer";0,903;0,622;0,466;0,332;0,915
"erro";0,173;0,242;0,466;0,849;0,44
"dose";0,084;0,002;0,256;0,058;0,153
"disputa";0,903;0,242;0,132;0,177;0
"crítico";0,903;0,065;0,41;0,033;0,22
"conversa";0,359;0,328;0,164;0,419;0,684
"contexto";0,388;0,389;0,41;0,332;0,058
"conspiração";0,138;0,088;0,579;0,001;0,754
"conflito";0,097;0,056;0,489;0,06;0,538
"comum";0,494;0,088;0,005;0,152;0,08
"compromisso";0,388;0,027;0,002;0,012;0,22
"começo";0,345;0,96;0,954;0,445;0,978
"cena";0,109;0,622;0,41;0,121;0,575
"capitólio";0,097;0,209;0,419;0,009;0
"caminhoneiro";0;0,124;0,132;0,012;0,22
"básico";0,109;0;0,962;0,177;0,22
"beneficiar";0,173;0,065;0,466;0,332;0,915
"bater";0,455;0,693;0,256;0,717;0,74
"avançar";0,437;0,708;0,334;0,555;0,659
"autoritarismo";0,109;0,065;0;0,054;0,22
"anunciar";0;0,242;0,132;0,849;0,575
"alternativo";0,819;0,209;0,419;0;0,05
"alimentar";0;0,708;0,147;0,224;0,659
"acompanhar";0,359;0,088;0,164;0,856;0,065
"abertura";0,016;0,525;0,466;0,198;0,493
"ódio";0,109;0,065;0,018;0,697;0,44
"época";0,494;0,088;0,05;0,419;0,754
"uscifrão";0,802;0,157;0,183;0,026;0,037
"trajetória";0,494;0,328;0,164;0;0,08
"tradição";0,155;0,102;0,03;0,695;0,564
"time";0,718;0,139;0,228;0,109;0,33
"teitelbaum";0,155;0,102;0,183;0;0,094
"superior";0,558;0;0,677;0,026;0,355
"solução";0,994;0,075;0,872;0,224;0,003
"socialista";0,122;0,075;0;0,016;0,02
"rússia";0,494;0,805;0,164;0,09;0
"rodada";0,903;0;0,132;0,054;0,058
"refletir";0,001;0,088;0,777;0,656;0,302
"reconhecer";0,388;0,242;0,11;0,697;0,915
"quarta_feira";0,437;0,282;0,147;0,54;0
"policial";0,175;0,015;0,016;0,034;0,418
"piso";0,175;0;0,204;0,034;0,11
"onda";0,437;0,282;0,01;0,991;0,659
"março";0,718;0,293;0,812;0,572;0,885
"latino";0,109;0,065;0,132;0;0,915
"judiciário";0,109;0,622;0,002;0,177;0,44
"influência";0,155;0,102;0,196;0,019;0,355
"independente";0,691;0,448;0,573;0,95;0,982
"implementar";0,109;0;0,962;0,441;0,22
"idoso";0,802;0,102;0,183;0,003;0,355
"idade";0,931;0,192;0,288;0,02;0,692
"governante";0,138;0,629;0;0,09;0,302
"falso";0,109;0,065;0,11;0,332;0,44
"expressar";0,536;0,065;0,466;0,007;0,22
"exercer";0,122;0,075;0;0,54;0,659
"espécie";0,558;0,102;0,002;0,296;0,094
"duro";0,536;0,389;0,11;0,012;0,915
"discutir";0,494;0,225;0,579;0,419;0,302
"dificuldade";0,536;0,004;0,132;0,849;0,058
"desinformação";0,109;0,065;0;0,441;0,915
"demorar";0,632;0,015;0,724;0,034;0,444
"demonstrar";0,388;0,242;0;0,054;0,44
"declínio";0,437;0,282;0;0,991;0,068
"costumar";0,388;0,854;0,41;0,332;0,22
"construir";0,558;0,102;0,647;0,296;0,184
"comprar";0,718;0;0,812;0,198;0,129
"combater";0,109;0,854;0,018;0,849;0,575
"clássico";0,437;0,282;0,872;0,017;0,257
"calamidade";0,437;0;0,147;0,069;0,068
"avaliação";0,359;0,805;0,777;0,856;0,302
"atuar";0,908;0,629;0,777;0,856;0,302
"atacar";0,388;0,065;0,018;0,697;0,915
"aspecto";0,138;0,805;0,262;0,039;0,08
"ampliar";0,908;0;0,579;0,02;0,302
"alcançar";0,536;0,854;0,962;0,697;0,22
"administrativo";0,021;0;0,147;0,016;0,068
"abandonar";0,691;0,448;0,724;0,95;0,444
"óbvio";0,122;0,303;0,147;0,233;0,802
"trumpismo";0,155;0,102;0,677;0,793;0,005
"trabalhar";0,021;0,075;0,147;0,233;0,659
"tesouro";0,908;0;0,164;0,284;0,08
"suficiente";0,138;0,805;0,164;0,284;0
"segunda_feira";0,019;0,391;0,325;0,101;0,825
"salvar";0,908;0,805;0,777;0,419;0,302
"rodrigo";0,338;0,246;0,369;0,597;0,273
"resistência";0,055;0,383;0,647;0,695;0,355
"reportagem";0;0,102;0,647;0,793;0,094
"religioso";0,138;0,088;0,164;0;0,302
"reação";0,002;0,708;0,519;0,069;0,802
"pôr";0,994;0,075;0,519;0,073;0,802
"prova";0,226;0,197;0,912;0,687;0,583
"presente";0,122;0,708;0,077;0,54;0,346
"postura";0,994;0,708;0,334;0,233;0,068
"positivo";0,494;0,052;0,164;0,419;0,302
"poderoso";0,138;0,088;0,579;0,007;0,684
"pobreza";0,437;0,708;0,147;0,003;0,257
"planalto";0,126;0,002;0,519;0,069;0,068
"piorar";0,359;0,001;0,164;0,09;0,302
"pib";0,122;0;0,147;0,016;0,257
"personagem";0,392;0,325;0,422;0,003;0,313
"permanecer";0,908;0,805;0,164;0,419;0,684
"otavio";0,691;0,119;0,573;0,454;0,12
"opinião";0,994;0,075;0,334;0,233;0,659
"oferecer";0,175;0,967;0,204;0,191;0,444
"negar";0,718;0,525;0,09;0,875;0,493
"mínimo";0,175;0,001;0,573;0,454;0,11
"massa";0,994;0,708;0,077;0,555;0,068
"lsn";0,226;0,163;0;0,058;0,153
"leitura";0,155;0,383;0,183;0;0,094
"intenção";0,055;0,913;0,183;0,116;0,184
"influenciar";0,155;0,383;0,03;0,296;0,355
"indivíduo";0,138;0,328;0,777;0,001;0,08
"independência";0,122;0,075;0;0,016;0,02
"garantia";0,138;0,328;0;0,09;0,684
"fenômeno";0,994;0,075;0,147;0;0,257
"externo";0,558;0,913;0,183;0,36;0,005
"exterior";0,931;0,543;0,288;0,076;0,015
"essencial";0,437;0,015;0,147;0,233;0,068
"esperança";0,908;0,088;0,164;0,152;0,26
"elétrico";0;0,083;0,147;0,016;0,068
"dívida";0,437;0;0,147;0,069;0,257
"diplomacia";0,175;0,119;0,204;0,151;0
"determinado";0,155;0,383;0,677;0,019;0,355
"destruição";0,138;0,328;0,262;0,152;0,754
"cumprir";0,802;0,157;0,647;0,026;0,184
"conjunto";0,138;0,088;0,164;0,001;0,684
"comunicação";0,558;0,383;0;0,116;0,094
"coletivo";0,122;0,075;0,872;0,003;0,659
"classe";0,138;0,088;0,777;0,007;0,754
"causar";0,138;0,052;0,777;0,856;0,302
"benefício";0,138;0;0,579;0,09;0,754
"bbc";0;0,163;0,256;0,259;0,153
"arthur";0,257;0,192;0,973;0,133;0,585
"agravar";0,437;0,303;0,519;0,073;0,068
"vítima";0,494;0,328;0,164;0,152;0,26
"votação";0,226;0,029;0,36;0,259;0,583
"vontade";0,558;0,383;0,647;0,019;0,355
"vivo";0,175;0,119;0,204;0,95;0
"universo";0,226;0,197;0,36;0,687;0,153
"tradicionalista";0,199;0,139;0,228;0;0,493
"terra";0,691;0,967;0,724;0,151;0,12
"tendência";0,138;0,088;0,262;0,007;0,302
"sucesso";0,632;0,448;0,724;0,151;0,002
"simples";0,175;0,448;0,724;0,001;0,11
"servir";0,802;0,913;0,196;0,695;0,094
"sentir";0,691;0,448;0,204;0,191;0,982
"retirar";0,199;0;0,228;0,198;0,885
"restrição";0,155;0,913;0;0,116;0,355
"representante";0,086;0,088;0,579;0,419;0,754
"recorde";0,055;0,157;0,183;0,026;0,564
"realizar";0,802;0,513;0,183;0,36;0,184
"questionar";0,138;0,088;0,777;0,419;0,065
"quarto";0,137;0,835;0,228;0,198;0,33
"quadro";0,359;0,629;0,164;0,856;0,754
"provável";0,802;0,102;0,647;0,793;0,037
"prometer";0,138;0,007;0,164;0,284;0,26
"prioridade";0,084;0,617;0,256;0,058;0,036
"preocupar";0,155;0,029;0,647;0,695;0,355
"partidário";0,632;0,119;0,204;0,191;0,12
"participação";0;0,383;0,677;0,116;0,094
"ouvir";0,055;0,513;0,647;0,793;0,094
"oportunidade";0,202;0,119;0,724;0,191;0,418
"ocupar";0,632;0,4;0,724;0,034;0,019
"moeda";0,558;0;0,183;0,026;0,094
"metade";0,138;0,225;0,164;0,039;0,302
"luta";0,175;0,448;0,724;0,95;0,019
"lidar";0,155;0,157;0,647;0,793;0,564
"leitor";0,632;0,119;0,204;0;0,11
"legislativo";0,494;0;0,579;0,09;0,302
"justificar";0,277;0,383;0,677;0,695;0,355
"junto";0,558;0,513;0,647;0,116;0,037
"judicial";0,257;0,192;0,973;0,002;0,181
"ishiguro";0,392;0,325;0,422;0,003;0,313
"irmão";0,558;0,102;0,647;0,116;0
"invasão";0,175;0,448;0,724;0,151;0
"interno";0,138;0,007;0,164;0,02;0,01
"incentivo";0,931;0,728;0,259;0,893;0,692
"importação";0,019;0,059;0,325;0,101;0,216
"identificar";0,155;0,102;0,647;0,089;0,184
"gabinete";0,155;0,102;0,647;0,026;0
"função";0,574;0,058;0,812;0,198;0,493
"fogo";0,045;0,543;0,288;0,893;0,181
"ferreira";0;0,139;0,228;0,044;0,129
"estudo";0,691;0,448;0,138;0,95;0,418
"errado";0,691;0,448;0,204;0,534;0,444
"emoção";0,199;0,139;0,228;0;0,493
"elevação";0,175;0;0,204;0,034;0,11
"elemento";0,138;0,088;0,164;0,007;0,26
"eduardo";0,935;0,003;0,841;0,101;0,216
"discussão";0,817;0,693;0,912;0,242;0,153
"derrotar";0,155;0,383;0,183;0,089;0,184
"definição";0,155;0,102;0,677;0,003;0,355
"câmbio";0,494;0;0,164;0,02;0,08
"curso";0,226;0,197;0,256;0,053;0,153
"consumidor";0,086;0,001;0,164;0,09;0,08
"condenação";0,129;0,271;0,09;0,134;0,987
"climático";0,155;0,383;0,183;0,695;0,005
"ceder";0,277;0,383;0,03;0,36;0,355
"caber";0,031;0,448;0,724;0,454;0,982
"baleia";0;0,394;0,487;0,246;0,382
"argentino";0,817;0,617;0,256;0,259;0,003
"aparecer";0,294;0,391;0,841;0,898;0,825
"alemanha";0,632;0,448;0,204;0,034;0
"afetar";0,155;0,157;0,647;0,089;0,094
"admitir";0,574;0,835;0,228;0,875;0,885
"acionista";0;0,383;0,183;0,026;0,094
"vincular";0,257;0,118;0,973;0,494;0,181
"velocidade";0,718;0,835;0,228;0,379;0,885
"trabalhador";0,558;0,913;0,183;0,793;0,037
"significativo";0,632;0,101;0,724;0,151;0,444
"sentar";0,155;0,383;0,183;0;0,355
"rua";0,155;0,383;0,183;0,695;0,005
"revista";0,175;0,119;0,573;0,007;0,418
"respeito";0,155;0,383;0,196;0,695;0,564
"representação";0,175;0,119;0,724;0,007;0,982
"registrar";0,294;0;0,325;0,101;0,216
"reagir";0,802;0,383;0,677;0,296;0,355
"probabilidade";0;0,728;0,288;0,34;0,181
"primeiro_ministro";0,155;0,102;0,183;0,026;0
"pretender";0,277;0,383;0,647;0,695;0,862
"presença";0,002;0,448;0,204;0,151;0,444
"potencial";0,006;0,003;0,183;0,026;0,094
"pleito";0,175;0,119;0,573;0,151;0
"plataforma";0,175;0,967;0,573;0,95;0,444
"petista";0;0,139;0,466;0,044;0,129
"perigo";0,632;0,967;0,724;0,191;0,418
"pazuello";0,779;0,022;0,369;0,134;0,987
"palácio";0,137;0,835;0,466;0,572;0,129
"operar";0,558;0,157;0,183;0,296;0,355
"obrigar";0,226;0,002;0,912;0,717;0,153
"norte";0,155;0,383;0,647;0,019;0,862
"mobius";0;0,617;0,256;0,058;0,153
"mito";0,558;0,102;0,183;0,019;0,564
"mensagem";0,137;0,139;0,812;0,572;0,33
"marco";0,817;0,002;0,256;0,259;0,583
"manipular";0,199;0,058;0,466;0,572;0,493
"lutar";0,175;0,448;0,204;0,001;0,418
"linha";0,574;0,525;0,09;0,044;0,33
"ligar";0,155;0,102;0,183;0,36;0
"jovem";0,558;0,102;0,647;0,003;0,355
"internet";0,226;0,163;0,052;0,053;0,153
"impossível";0,199;0,525;0,228;0,109;0,33
"grave";0,202;0,448;0,138;0,454;0,418
"governança";0;0,102;0,677;0,36;0,094
"gestor";0,202;0,967;0,724;0,151;0,444
"fronteira";0,199;0,139;0,09;0,572;0,071
"fraude";0,817;0,163;0,256;0,717;0,003
"frase";0,558;0,383;0,183;0,089;0,564
"formar";0,175;0,4;0,204;0,151;0,002
"floresta";0,691;0,448;0,138;0,454;0,982
"favor";0,199;0,058;0,812;0,379;0,129
"fator";0,055;0,383;0,03;0,36;0,094
"episódio";0,001;0,835;0,812;0,198;0,129
"dono";0;0,119;0,573;0,151;0,418
"digital";0,175;0,119;0;0,151;0,418
"determinar";0,225;0,391;0,325;0,449;0,825
"descobrir";0,226;0,163;0,912;0,007;0,583
"demanda";0,155;0;0,183;0,36;0,094
"custar";0,277;0,513;0,647;0,36;0,862
"criminoso";0,155;0,029;0,002;0,026;0,355
"crescente";0,155;0,913;0,677;0,296;0,862
"corporação";0,016;0,139;0,812;0,572;0,885
"contribuir";0,175;0,967;0,138;0,534;0,418
"conter";0,006;0,913;0,677;0,116;0,355
"constante";0,558;0,383;0;0,36;0,094
"concorrer";0,338;0,271;0,369;0,134;0
"concessão";0,002;0,448;0,204;0,454;0,982
"companhia";0;0,913;0,183;0,026;0,094
"categoria";0,294;0,862;0;0,449;0,216
"audiência";0,931;0,192;0,026;0,893;0,692
"atuação";0,632;0,448;0;0,151;0,418
"atividade";0,155;0,003;0,677;0,793;0,094
"assunto";0,455;0,693;0,256;0,259;0,225
"associar";0,691;0,448;0,724;0,046;0,11
"armamento";0,226;0,029;0,052;0,259;0,153
"argumentar";0,632;0,967;0,724;0,046;0,11
"aplicar";0,455;0,029;0,36;0,058;0,153
"análise";0,802;0,102;0,03;0,296;0,094
"alerta";0,175;0,448;0,138;0,454;0,12
"ajuste";0,006;0,029;0,183;0,116;0,094
"índice";0,175;0,967;0,573;0,046;0,11
"virar";0,455;0,163;0,256;0,058;0
"ultrapassar";0,199;0,835;0,466;0,109;0,129
"twitter";0,632;0,119;0,001;0,151;0,444
"trocar";0;0,967;0,204;0,454;0,11
"transição";0,199;0,293;0,466;0,875;0,493
"tragédia";0,294;0,003;0,325;0,449;0,825
"tese";0,199;0,058;0,228;0,379;0,493
"tarefa";0,294;0,228;0,167;0,058;0,216
"sul";0,199;0,139;0,812;0,02;0,885
"sobreviver";0,931;0,728;0,973;0,133;0,181
"senhor";0,175;0,448;0,573;0,151;0,002
"seguinte";0,574;0,139;0,812;0,875;0,33
"roberto";0,016;0,525;0,466;0,198;0,493
"reunião";0,257;0,192;0,288;0,893;0,001
"retomada";0,202;0,101;0,204;0,151;0,982
"resto";0,691;0,101;0,724;0,151;0,982
"ressaltar";0,199;0,835;0,09;0,044;0,071
"relatório";0,226;0,617;0;0,058;0,583
"rejeitar";0,718;0,139;0,228;0,109;0,33
"pé";0,718;0,525;0,09;0,379;0,129
"putin";0,931;0,192;0,288;0,34;0,001
"propor";0,718;0,835;0,228;0,875;0,33
"privatização";0;0,448;0,204;0,034;0,11
"prisão";0,338;0,246;0,69;0,597;0,987
"princípio";0,199;0,835;0;0,198;0,493
"preso";0,935;0,391;0,841;0,449;0,825
"preservar";0,199;0,525;0,008;0,379;0,129
"prejuízo";0;0,835;0,228;0,198;0,129
"peso";0,779;0,246;0,369;0,66;0,259
"pensamento";0,226;0,163;0,912;0,001;0,153
"penal";0,257;0,728;0;0,076;0,692
"passo";0,574;0,525;0,228;0,109;0,493
"participar";0,226;0,617;0,912;0,259;0,003
"parecido";0,226;0,163;0,912;0,259;0
"parceiro";0,257;0,192;0,973;0,076;0
"origem";0,691;0,448;0,573;0,534;0,418
"neoliberalismo";0,175;0,448;0,138;0,046;0,11
"natureza";0,175;0,448;0,016;0,534;0,418
"médico";0,574;0,058;0,09;0,044;0,129
"município";0,016;0,058;0,812;0,044;0,129
"motivo";0,718;0,139;0,228;0,875;0,008
"morto";0,199;0,835;0,228;0,875;0,071
"mianmar";0,199;0,139;0,812;0,572;0,001
"mecanismo";0,632;0;0,724;0,034;0,418
"mau";0,691;0,448;0,724;0,95;0,444
"logístico";0,175;0,015;0,204;0,95;0,982
"intervir";0;0,448;0,204;0,034;0,11
"interpretar";0,691;0,119;0,016;0,534;0,11
"integrante";0;0,967;0,204;0,454;0,11
"imunizantes";0,459;0,544;0,487;0,246;0,046
"ilegal";0,931;0,012;0,288;0,893;0,181
"ignorar";0,226;0,029;0,912;0,259;0,74
"guinar";0;0,4;0,204;0,151;0,11
"globo";0,002;0,728;0,288;0,893;0,181
"francês";0,202;0,119;0,573;0,534;0,418
"formação";0,338;0,271;0,69;0,597;0,027
"financiamento";0,175;0,015;0,724;0,454;0,982
"fechar";0,337;0,118;0,973;0,076;0,692
"experiência";0,199;0,525;0,228;0,002;0,493
"expectativa";0,691;0,001;0,204;0,034;0,982
"expansão";0,175;0,015;0,573;0,151;0,982
"estrangeiro";0;0,693;0,256;0,058;0,153
"estilo";0,257;0,192;0,288;0;0,181
"escolher";0,691;0,119;0,724;0,95;0,12
"escala";0,935;0,228;0;0,449;0,216
"entregar";0,718;0,525;0,466;0,198;0,071
"elite";0,817;0,617;0,256;0,007;0,153
"doença";0,779;0,271;0,69;0,159;0,259
"dividir";0,175;0,119;0,001;0,454;0,444
"declaração";0,202;0,448;0,724;0,151;0,12
"dado";0,632;0,967;0,573;0,191;0,11
"criança";0,257;0,543;0,288;0,133;0,692
"convencer";0,632;0,448;0,204;0,046;0,982
"construção";0,175;0,4;0,204;0,046;0,418
"conservadorismo";0,718;0,139;0;0,198;0,885
"concordar";0,632;0,448;0,138;0,454;0,444
"concepção";0,226;0,163;0,36;0,007;0,153
"comunidade";0,175;0,119;0,016;0,046;0,11
"comportamento";0,175;0,448;0;0,151;0,982
"complexo";0,691;0,448;0,204;0,046;0,418
"comparar";0,199;0,525;0;0,198;0,885
"capital";0;0,835;0,228;0,198;0,129
"brasília";0,459;0,394;0,487;0,928;0,046
"aula";0,779;0,246;0,369;0,66;0,259
"ativista";0,294;0,228;0,841;0,449;0,005
"aproveitar";0,226;0,617;0,256;0,687;0,036
"agricultor";0,718;0,139;0,228;0,572;0,001
"agente";0,001;0,139;0,228;0,044;0,071
"afastar";0,175;0,448;0,138;0,191;0,418
"advogado";0,817;0,163;0,052;0,687;0,583
"órgão";0,597;0,325;0,036;0,798;0,313
"áfrica";0,199;0,139;0,812;0;0,129
"violento";0,199;0,835;0,228;0,044;0
"versão";0,294;0,391;0,325;0,898;0,426
"vermelho";0,257;0,543;0,288;0,34;0,015
"vaga";0,574;0,139;0,812;0,198;0,008
"técnico";0,006;0,977;0,369;0,597;0,259
"técnica";0,779;0,977;0,09;0,597;0,259
"tensão";0,817;0,617;0,003;0,717;0,153
"tamanho";0,257;0,001;0,288;0,893;0,181
"subsídio";0,226;0;0,256;0,259;0,583
"sr";0,001;0,228;0,325;0,898;0,216
"sistemático";0,294;0,862;0;0,101;0,216
"sexta_feira";0,574;0,293;0,812;0,198;0,885
"salário";0,199;0;0,228;0,044;0,885
"ruir";0,718;0,139;0;0,044;0,129
"ricardo";0,019;0,059;0,325;0,101;0,216
"reunir";0,817;0,617;0,912;0,242;0,583
"retórica";0,199;0,139;0;0,875;0,493
"retomar";0,817;0,693;0,256;0,058;0,003
"restrito";0,459;0,039;0,328;0,246;0,382
"restar";0,455;0,693;0,256;0,259;0,225
"renúncia";0,137;0,139;0,812;0,044;0,008
"referência";0,257;0,728;0,026;0,34;0,585
"recessão";0,199;0,058;0,466;0,572;0,493
"racismo";0,226;0,163;0,256;0;0,153
"promessa";0,045;0,192;0,973;0,893;0,692
"premiê";0,574;0,139;0,228;0,044;0
"planeta";0,226;0,617;0,256;0,259;0
"permanente";0,199;0,006;0,466;0,572;0,129
"percepção";0,574;0,525;0,008;0,572;0,129
"paz";0,574;0,525;0,228;0,198;0,008
"pai";0,199;0,139;0,228;0;0,493
"padrão";0,199;0,139;0,812;0,02;0,885
"pacheco";0,014;0,544;0,487;0,246;0,382
"oposto";0,455;0,163;0,052;0,259;0,74
"oficial";0,226;0,163;0,052;0,242;0,583
"nyt";0,226;0,163;0,912;0,717;0,003
"nobel";0,226;0,163;0,256;0,001;0,583
"natural";0,045;0,728;0,973;0,893;0,181
"mover";0,199;0,139;0;0,875;0,493
"miséria";0,455;0,693;0,912;0,717;0,583
"matar";0,226;0,163;0,912;0,717;0,003
"marca";0,226;0,617;0,912;0,687;0,225
"mandar";0,574;0,525;0,228;0,198;0,008
"luna";0;0,139;0,228;0,044;0,129
"linguagem";0,257;0,192;0,973;0,002;0,181
"limitar";0,817;0,029;0,912;0,259;0,583
"jurídico";0,779;0,271;0;0,134;0,259
"juntar";0,226;0,617;0,912;0,259;0,003
"irresponsabilidade";0,199;0;0,228;0,044;0,885
"intervencionismo";0;0,617;0,256;0,058;0,583
"interromper";0,931;0,543;0,288;0,34;0,137
"individual";0,718;0,139;0;0,572;0,129
"indiano";0,338;0,271;0,69;0,66;0,273
"incompetência";0,392;0,123;0,518;0,181;0,815
"imunização";0,084;0,693;0,256;0,259;0,74
"imediato";0,199;0;0,228;0,572;0,493
"ignorância";0,817;0,693;0,36;0,717;0,583
"hospital";0,392;0,544;0,487;0,928;0,382
"hipótese";0,199;0,006;0,228;0,379;0,129
"guarda";0,226;0,163;0,052;0,259;0,036
"fóssil";0,199;0;0,228;0,044;0,129
"forçar";0,199;0,835;0,228;0,875;0,071
"fiel";0,226;0,693;0,36;0,717;0,74
"fevereiro";0,226;0,197;0,256;0,058;0,003
"fechamento";0,226;0,029;0,36;0,717;0,153
"fascismo";0,226;0,163;0,256;0;0,153
"fantasia";0,199;0,139;0,812;0,02;0,885
"extremista";0,199;0,525;0,228;0,109;0,33
"exigência";0,935;0,862;0,167;0,449;0,825
"evidência";0,817;0,617;0,36;0,717;0,74
"establishment";0,718;0,139;0,228;0,572;0,001
"esquecer";0,817;0,163;0,003;0,058;0,225
"especial";0,718;0,835;0,466;0,875;0,493
"equilíbrio";0;0,617;0,256;0,259;0,153
"enviar";0,455;0,693;0,256;0,259;0,225
"entendimento";0,225;0,391;0,325;0,898;0,216
"dúvida";0,226;0,617;0,912;0,242;0,74
"draghi";0,199;0,139;0,228;0,044;0
"divisão";0,199;0,525;0,228;0,002;0,493
"distribuição";0,002;0,728;0,259;0,076;0,181
"dispensar";0,718;0,835;0;0,198;0,129
"disparar";0,337;0,012;0,288;0,076;0,692
"diminuir";0,931;0,001;0,288;0,34;0,181
"desacreditar";0,226;0,163;0;0,259;0,153
"derrubar";0,001;0,525;0,228;0,198;0,885
"declarar";0,257;0,728;0,288;0,076;0
"cálculo";0,084;0,197;0,256;0,058;0,74
"converter";0,718;0,139;0,228;0,002;0,493
"conteúdo";0,935;0,228;0;0,101;0,216
"condenar";0,226;0,163;0,36;0,717;0,036
"conceito";0,294;0,228;0,841;0,005;0,216
"conceder";0,084;0,197;0,36;0,058;0,153
"comércio";0,257;0,543;0,973;0,34;0,137
"compra";0,294;0,059;0,325;0,449;0,426
"completo";0,337;0,118;0,973;0,34;0,181
"comandar";0,226;0,163;0,256;0,259;0
"colapso";0,338;0;0,369;0,134;0,259
"caos";0,718;0,525;0,008;0,572;0,493
"brexit";0,226;0,163;0,256;0,717;0
"bloco";0,257;0,728;0,288;0,076;0
"bilionário";0,718;0,139;0,228;0,044;0
"baseado";0,718;0,139;0,812;0,109;0,885
"andré";0,338;0,271;0,369;0,66;0,027
"analisar";0,931;0,192;0,973;0,133;0,692
"amazona";0,392;0,325;0,518;0,798;0,139
"alinhar";0,718;0,139;0,008;0,044;0,071
"acrescentar";0,226;0,163;0,912;0,007;0,583
"vulnerável";0,226;0,163;0,256;0,007;0,74
"voz";0,931;0,192;0,259;0,076;0,015
"virtude";0,338;0,271;0,69;0,017;0,259
"vantagem";0,226;0,029;0,36;0,717;0,153
"usp";0,294;0,862;0,01;0,898;0,216
"tático";0,257;0,192;0,026;0,34;0,137
"tv";0,257;0,192;0,288;0,494;0,015
"total";0,931;0,012;0,973;0,076;0,692
"temor";0,007;0,693;0,912;0,259;0,153
"sério";0,817;0,163;0,912;0,007;0,153
"sustentar";0,931;0,728;0,259;0,893;0,692
"semelhante";0,257;0,192;0,288;0,002;0,692
"rumo";0,084;0,693;0,256;0,717;0,583
"revelar";0,001;0,862;0,841;0,101;0,216
"religião";0,392;0,325;0,518;0,056;0,313
"relacionar";0,338;0,271;0,69;0,017;0,259
"reduzido";0,817;0,197;0,256;0,717;0,74
"prejudicar";0,226;0,617;0,052;0,717;0,74
"prefeito";0,019;0,862;0,841;0,449;0,216
"precedente";0,257;0,192;0,026;0,893;0,585
"potência";0,817;0,617;0,36;0,259;0,225
"posto";0,817;0,617;0,912;0,259;0,036
"português";0,257;0,192;0,973;0,893;0,015
"portugal";0,045;0,192;0,288;0,076;0,015
"polônia";0,257;0,192;0,973;0,076;0
"planejamento";0,257;0,118;0,288;0,133;0,181
"pertencer";0,257;0,192;0,288;0,002;0,692
"perdido";0,002;0,192;0,288;0,893;0,692
"perda";0;0,163;0,256;0,259;0,583
"particular";0,931;0,728;0,288;0,133;0,692
"parar";0,226;0,163;0,912;0,242;0,225
"pacote";0,935;0,059;0,325;0,101;0,426
"orçamentário";0,817;0;0,256;0,058;0,153
"operação";0,129;0,271;0,369;0,597;0,273
"objetivo";0,817;0,002;0,912;0,058;0,583
"obama";0,226;0,617;0,256;0,058;0
"nota";0,084;0,693;0,256;0,717;0,583
"negociação";0,226;0,163;0,256;0,058;0
"negociar";0,779;0,977;0,369;0,134;0,027
"negacionismo";0,817;0,617;0,912;0,717;0,225
"nacionalismo";0,226;0,163;0,052;0,687;0,74
"máximo";0,935;0,228;0,325;0,058;0,825
"moraes";0,338;0,271;0;0,134;0,259
"modelo";0,226;0,617;0,912;0,007;0,153
"minar";0,257;0,543;0,026;0,893;0,181
"milhar";0,817;0,197;0,256;0,687;0,583
"meta";0,931;0,012;0,288;0,34;0,692
"mentir";0,337;0,192;0,973;0,494;0,692
"macron";0,226;0,163;0,256;0,717;0
"jurar";0,084;0,197;0,256;0,259;0,583
"julho";0,084;0,693;0,256;0,058;0,225
"josé";0;0,163;0,256;0,687;0,153
"intimidar";0,597;0,325;0,518;0,409;0,313
"intervencionista";0;0,617;0,256;0,058;0,153
"interpretação";0,225;0,391;0,325;0,898;0,216
"intelectual";0,257;0,192;0,973;0,002;0,181
"instância";0,392;0,544;0,487;0,928;0,382
"infra-estrutura";0,338;0,001;0,369;0,134;0,987
"hostilidade";0,226;0,163;0;0,717;0,583
"gasolina";0,257;0,012;0,288;0,34;0,585
"funcionamento";0,226;0,029;0,36;0,717;0,153
"frágil";0,226;0,163;0,256;0,687;0,003
"fernando";0;0,394;0,487;0,246;0,382
"favorável";0,935;0,391;0,841;0,898;0,216
"fanático";0,455;0,163;0,256;0,242;0,74
"falha";0,931;0,192;0,973;0,02;0,181
"explodir";0,935;0,059;0,841;0,449;0,216
"exceção";0,226;0,163;0,36;0,259;0,003
"eventual";0,019;0,862;0,167;0,101;0,216
"estratégico";0,392;0,005;0,422;0,181;0,815
"estranho";0,935;0,862;0,325;0,058;0,216
"espalhar";0,935;0,228;0,325;0,058;0,825
"escândalo";0,338;0,246;0,369;0,159;0,259
"enxergar";0,455;0,163;0,256;0,007;0,153
"entrada";0,294;0,862;0,325;0,058;0,825
"empresariado";0;0,617;0,256;0,259;0,153
"emergência";0,455;0,693;0,912;0,717;0,583
"emenda";0,226;0;0,912;0,259;0,153
"domingo";0,129;0,022;0,369;0,134;0,259
"dito";0,257;0,543;0,288;0,02;0,181
"distante";0,935;0,228;0,325;0,058;0,825
"diminuição";0,226;0,002;0,36;0,259;0,153
"dimensão";0,226;0,693;0,052;0,687;0,153
"destruir";0,817;0,693;0,912;0,242;0,153
"destinar";0,257;0,728;0,001;0,076;0,585
"desmatamento";0,257;0,728;0,288;0,34;0,001
"desemprego";0,226;0;0,256;0,259;0,153
"dependente";0,257;0,118;0,259;0,34;0,692
"crer";0,931;0,543;0,973;0,893;0,692
"cooperação";0,257;0,192;0,288;0,002;0,692
"conversar";0,455;0,163;0,912;0,053;0,153
"contemporâneo";0,257;0,192;0,973;0,494;0,137
"constituir";0,257;0,192;0,259;0,133;0,692
"conhecer";0,294;0,862;0,841;0,058;0,216
"conduzir";0,257;0,728;0,288;0,02;0,692
"comunista";0,257;0,192;0,973;0,02;0,692
"chanceler";0,392;0,325;0,422;0,181;0
"cadeia";0,935;0,059;0,325;0,449;0,825
"cabeça";0,338;0,977;0,369;0,66;0,273
"bucci";0,226;0,163;0;0,259;0,153
"bolsonaristas";0,338;0,271;0,69;0,159;0,987
"bolsonarismo";0,931;0,192;0,001;0,893;0,181
"bastar";0,226;0,197;0,36;0,717;0,583
"basear";0,257;0,192;0,973;0,02;0,692
"atitude";0,935;0,862;0,841;0,898;0,825
"atender";0,226;0;0,256;0,259;0,153
"associação";0,294;0,228;0,167;0,898;0,426
"assistir";0,817;0,163;0,256;0,259;0
"assassinato";0,226;0,197;0,912;0,058;0,036
"asiático";0,257;0,192;0,288;0,893;0,001
"apelo";0,226;0,163;0,256;0;0,153
"antidemocrático";0,935;0,228;0,325;0,898;0,07
"antecipar";0,817;0,163;0,256;0,717;0,003
"ana";0,392;0,78;0,422;0,798;0,139
"amor";0,779;0,271;0,369;0,66;0,273
"aguardar";0,779;0,271;0,369;0,134;0,001
"administrar";0,294;0,003;0,325;0,449;0,825
"adiantar";0,455;0,163;0,256;0,007;0,153
"absoluto";0,935;0,862;0,167;0,898;0,216
"vice_presidente";0,338;0,271;0,369;0,134;0
"verificar";0,597;0,325;0,518;0,409;0,313
"venezuela";0,337;0,192;0,288;0,076;0,001
"utilizar";0,294;0,059;0,01;0,101;0,216
"turquia";0,294;0,228;0,841;0,101;0
"troca";0,045;0,728;0,973;0,076;0,585
"transparência";0,931;0,192;0,001;0,893;0,181
"tarifa";0;0,228;0,325;0,101;0,216
"símbolo";0,459;0,394;0,487;0,928;0,046
"suspeito";0,392;0,544;0,487;0,246;0,574
"sudeste";0,338;0,271;0,369;0,597;0,001
"sigla";0,294;0,228;0,325;0,449;0
"setembro";0,338;0,271;0,69;0,597;0,027
"senso";0,338;0,977;0,69;0,159;0,259
"semestre";0,257;0,001;0,288;0,076;0,585
"selic";0,257;0;0,288;0,076;0,181
"sedição";0,338;0,271;0,369;0,017;0,987
"rápido";0,294;0,228;0,841;0,101;0
"resgate";0,931;0,728;0,288;0,34;0,015
"repórter";0,935;0,228;0;0,101;0,825
"renovar";0,129;0,977;0,369;0,597;0,987
"relator";0,014;0,394;0,328;0,246;0,382
"rejeição";0,257;0,192;0,288;0,133;0,137
"referir";0,935;0,228;0,325;0,898;0,07
"recusar";0,257;0,728;0,288;0,133;0,585
"receita";0,257;0;0,288;0,34;0,181
"quebrar";0;0,192;0,288;0,893;0,181
"quantidade";0,129;0,977;0,369;0,66;0,259
"prêmio";0,294;0,228;0,841;0,058;0,825
"protocolo";0,935;0,862;0,325;0,449;0,07
"projeção";0,019;0,862;0,325;0,898;0,216
"produtor";0,597;0,78;0,518;0,181;0,815
"prestar";0,931;0,543;0,259;0,893;0,181
"praticar";0,294;0,391;0,01;0,449;0,216
"polarizar";0,257;0,192;0,973;0,02;0,692
"pleno";0,257;0,118;0,973;0,494;0,181
"pilar";0,931;0,192;0;0,076;0,692
"perigoso";0,257;0,192;0;0,076;0,585
"perguntar";0,935;0,862;0,325;0,311;0,825
"pena";0,931;0,728;0,001;0,34;0,181
"pele";0,338;0,271;0,369;0,001;0,259
"pedido";0;0,325;0,422;0,181;0,313
"patamar";0,294;0;0,325;0,101;0,216
"parcela";0,931;0,543;0,259;0,34;0,692
"paralelo";0,931;0,118;0,973;0,076;0,585
"ouvido";0,001;0,228;0,841;0,449;0,216
"opção";0,931;0,543;0,288;0,893;0,585
"oferta";0,257;0;0,288;0,076;0,181
"of";0,294;0,228;0,325;0,005;0,825
"ocidental";0,294;0,228;0,167;0,311;0,825
"obter";0,935;0,862;0,325;0,449;0,07
"observar";0,019;0,862;0,325;0,449;0,825
"núcleo";0,257;0,543;0,001;0,076;0,692
"novembro";0,337;0,012;0,288;0,076;0,692
"normal";0,225;0,862;0,325;0,449;0,426
"new";0,931;0,543;0,288;0,34;0,137
"méxico";0,257;0,728;0,288;0,076;0
"método";0,294;0,228;0,325;0,058;0,426
"monetário";0,019;0,059;0,325;0,101;0,216
"miranda";0;0,192;0,288;0,34;0,181
"mina";0,392;0,394;0,487;0,928;0,574
"miliciano";0,294;0,228;0,167;0,311;0,825
"michel";0;0,192;0,288;0,34;0,181
"material";0,338;0,246;0,69;0,597;0,987
"margem";0,337;0,118;0,973;0,076;0,692
"manobra";0,257;0,118;0,288;0,34;0,137
"manhã";0,392;0,78;0,518;0,181;0,139
"luiz";0;0,394;0,487;0,246;0,382
"lição";0,931;0,192;0,259;0,076;0,015
"limitado";0,002;0,728;0,973;0,34;0,181
"liberação";0,014;0,394;0,487;0,928;0,382
"joão";0,225;0,862;0,325;0,449;0,426
"joaquim";0;0,192;0,259;0,076;0,181
"inédito";0,931;0,192;0,001;0,34;0,692
"interessar";0,257;0,192;0,001;0,494;0,181
"integrar";0,392;0,325;0,036;0,798;0,815
"insurreição";0,257;0,192;0,973;0,34;0,001
"instrumento";0,294;0,391;0,841;0,311;0,216
"insistir";0,338;0,271;0,369;0,017;0,987
"iniciar";0,294;0,391;0,325;0,101;0,005
"inevitável";0,257;0,543;0,288;0,34;0,015
"indicador";0,045;0,543;0,973;0,34;0,181
"incapacidade";0,931;0,728;0,288;0,02;0,181
"impulsionar";0,935;0,391;0,325;0,898;0,825
"implicar";0,257;0,192;0,026;0,133;0,181
"igual";0,935;0,228;0,841;0,058;0,216
"ideólogo";0,392;0,325;0,422;0,003;0,313
"hungria";0,257;0,192;0,973;0,076;0
"hostil";0,045;0,192;0,973;0,34;0,585
"homicídio";0,294;0;0,325;0,101;0,216
"gênero";0,257;0,192;0,288;0;0,181
"gatilho";0,294;0;0,325;0,101;0,825
"gastar";0,931;0,001;0,288;0,076;0,692
"fundador";0,935;0,228;0,841;0,898;0,426
"fuga";0,779;0,271;0,369;0,017;0,259
"fonte";0,338;0,022;0,69;0,597;0,259
"firbida";0,257;0,192;0;0,34;0,181
"financiar";0,294;0;0,325;0,101;0,216
"filosofia";0,257;0,192;0,973;0,002;0,181
"fila";0,935;0,862;0,325;0,101;0,005
"ficção";0,392;0,544;0,487;0,928;0,382
"fascista";0,257;0,192;0,288;0,002;0,692
"fake";0,294;0,862;0;0,101;0,216
"extremismo";0,392;0,325;0,422;0,798;0,006
"expor";0,931;0,543;0,001;0,076;0,181
"exercício";0,294;0,228;0;0,449;0,216
"ex_ministro";0,001;0,228;0,325;0,101;0,426
"estrutural";0,337;0,543;0,973;0,893;0,181
"estatuto";0,019;0,862;0,841;0,449;0,216
"estabilidade";0,931;0,728;0,973;0,076;0,015
"espiritual";0,294;0,228;0,325;0;0,216
"específico";0,338;0,977;0,69;0,159;0,259
"especializado";0,294;0,228;0,325;0,058;0,426
"escalada";0,002;0,192;0,288;0,893;0,692
"errar";0,019;0,228;0,841;0,898;0,216
"ensino";0,257;0,543;0,973;0,893;0,585
"ensinar";0,294;0,228;0,325;0;0,216
"ensaiar";0,338;0,246;0,09;0,597;0,259
"elevar";0,257;0,001;0,973;0,34;0,181
"eleito";0,225;0,228;0,841;0,101;0,07
"editor";0,294;0,228;0,325;0;0,216
"durar";0,931;0,192;0,973;0,34;0,015
"dramático";0,045;0,192;0,973;0,494;0,181
"doutrinário";0,257;0,192;0,973;0,002;0,181
"doutrina";0,257;0,192;0,288;0,02;0,585
"doria";0,056;0,78;0,422;0,798;0,313
"distribuir";0,935;0,059;0,841;0,449;0,216
"discursivo";0,338;0,271;0,09;0,66;0,987
"dificultar";0,225;0,391;0,325;0,449;0,825
"deus";0,338;0,271;0,69;0,159;0,987
"desvalorização";0,931;0;0,288;0,076;0,181
"desenvolver";0,935;0,228;0,841;0,311;0,825
"delírio";0,294;0,862;0,325;0,005;0,216
"decadência";0,338;0,271;0,369;0,001;0,259
"criminal";0,459;0,394;0,008;0,928;0,382
"crença";0,338;0,271;0,09;0,159;0,259
"correto";0,257;0,728;0,288;0,002;0,181
"correr";0,337;0,543;0,288;0,893;0,692
"consistente";0,257;0,118;0,259;0,893;0,181
"conselheiro";0,006;0,271;0,369;0,597;0,987
"conhecimento";0,779;0,271;0,69;0,66;0,987
"concreto";0,931;0,728;0,288;0,893;0,137
"concentrar";0,225;0,228;0,841;0,898;0,825
"comprometer";0,337;0,543;0,259;0,076;0,692
"commodities";0,294;0;0,325;0,101;0,216
"comissão";0,014;0,394;0,487;0,246;0,574
"colunista";0,337;0,192;0,026;0,893;0,181
"colher";0,337;0,728;0,259;0,34;0,692
"cobertura";0,294;0,228;0,841;0,005;0,216
"circulação";0,294;0,003;0,841;0,449;0,216
"circular";0,338;0,271;0,69;0,017;0,259
"chile";0,338;0,271;0,369;0,134;0
"censura";0,257;0,192;0,001;0,076;0,137
"carolina";0,931;0,001;0,288;0,34;0,181
"caro";0,337;0,118;0,973;0,076;0,692
"carlos";0,294;0,228;0;0,101;0,825
"característica";0,257;0,192;0,259;0,02;0,181
"azul";0,392;0,123;0,422;0,409;0,313
"atraso";0,294;0,003;0,841;0,449;0,216
"aproximar";0,931;0,192;0,288;0,494;0,137
"analista";0,002;0,728;0,288;0,34;0,692
"ampliação";0,779;0,246;0,09;0,134;0,259
"amazônico";0,257;0,543;0,259;0,34;0,585
"alegar";0,392;0,78;0,518;0,798;0,815
"acadêmico";0,392;0,325;0,422;0,003;0,313
"abordagem";0,931;0,192;0,259;0,893;0,585
"êxito";0,338;0,271;0,369;0,134;0
"ásia";0,294;0,228;0,325;0;0,216
"água";0,338;0,977;0,369;0,66;0,273
"york";0,019;0,228;0,325;0,449;0,426
"wilson";0;0,325;0,422;0,181;0,313
"viabilizar";0,597;0,78;0,422;0,181;0,139
"urna";0,129;0,271;0,09;0,597;0,259
"urbano";0,294;0,059;0,325;0,311;0,216
"típico";0,294;0,228;0,167;0,311;0,825
"truculento";0,001;0,325;0,422;0,798;0,313
"transmitir";0,779;0,977;0,369;0,66;0,987
"traduzir";0,338;0,977;0,69;0,159;0,259
"tom";0,935;0,228;0,325;0,058;0,825
"testar";0,294;0,862;0,841;0,058;0,216
"terreno";0,294;0,228;0,325;0,058;0,426
"tentação";0,935;0,862;0;0,101;0,216
"suspensão";0,338;0,022;0,69;0,597;0,259
"suspeita";0,935;0,228;0,325;0,058;0,825
"surpresa";0,779;0,271;0,369;0,134;0,001
"surpreendente";0,294;0,228;0,325;0,311;0,07
"substituir";0,597;0,325;0,518;0,181;0,139
"sombra";0,338;0,271;0,369;0,001;0,259
"somar";0,779;0,271;0,69;0,66;0,987
"soltar";0,001;0,228;0,325;0,101;0,426
"ritmo";0,294;0;0,841;0,101;0,216
"rigoroso";0,935;0,862;0,325;0,311;0,825
"revolução";0,779;0,246;0,369;0,597;0,987
"resumo";0,338;0,271;0,69;0,159;0,987
"resumir";0,338;0,271;0,69;0,017;0,259
"restritivo";0,338;0,246;0,369;0,134;0,027
"restaurar";0,392;0,325;0,422;0,409;0,139
"respeitar";0,294;0,228;0,167;0,311;0,825
"representativo";0,597;0,325;0,422;0,056;0,313
"relativo";0,294;0,059;0,325;0,311;0,216
"refém";0,779;0,271;0,09;0,597;0,987
"reflexo";0,225;0,862;0,167;0,101;0,825
"reeleger";0,294;0,228;0,841;0,898;0,07
"recado";0,225;0,059;0,325;0,449;0,216
"reacionário";0,294;0,862;0,167;0,311;0,216
"publicação";0,392;0,325;0,422;0,056;0,815
"pronto";0,935;0,059;0,325;0,101;0,426
"progresso";0,294;0,228;0,325;0;0,216
"progressista";0,294;0,228;0,167;0,898;0,426
"produtivo";0,935;0;0,325;0,101;0,216
"procurar";0,935;0,391;0,841;0,449;0,825
"privatizar";0;0,228;0,325;0,449;0,216
"previdência";0,019;0,059;0,325;0,101;0,216
"premissa";0,338;0,977;0,369;0,017;0,259
"pregar";0,338;0,271;0;0,134;0,987
"ponta";0,392;0,394;0,487;0,928;0,574
"peça";0,597;0,78;0,422;0,409;0,313
"personalista";0,338;0,271;0,69;0,017;0,259
"perfeito";0,294;0,228;0,01;0,311;0,216
"paris";0,294;0,228;0,325;0,101;0
"parcial";0,225;0,862;0,01;0,101;0,216
"paes";0,338;0,977;0;0,134;0,259
"pacífico";0,294;0,228;0,841;0,898;0,07
"opor";0,294;0,228;0,325;0,449;0
"operador";0;0,271;0,69;0,134;0,259
"ofensiva";0,294;0,228;0,841;0,898;0,07
"noção";0,294;0,862;0,325;0,005;0,216
"novidade";0,338;0,271;0,369;0,66;0,027
"noite";0,597;0,325;0,422;0,056;0,313
"máscara";0,294;0,228;0;0,898;0,216
"mudo";0,294;0,228;0,167;0,058;0,216
"missão";0,019;0,228;0,841;0,449;0,825
"medir";0,294;0,391;0,841;0,311;0,216
"matteo";0,294;0,228;0,325;0,101;0
"manutenção";0,338;0,001;0,369;0,134;0,987
"manso";0,338;0,977;0;0,134;0,259
"manifestante";0,294;0,228;0,167;0,101;0,005
"lucro";0,129;0,022;0,369;0,134;0,259
"limpo";0,338;0,246;0,09;0,597;0,259
"libertário";0,338;0,271;0;0,597;0,259
"legítimo";0,294;0,862;0;0,101;0,216
"largo";0,392;0,394;0,328;0,928;0,382
"justo";0,294;0,862;0,325;0,898;0,07
"jurista";0,597;0,325;0,422;0,798;0,139
"julgar";0,294;0,228;0,01;0,449;0,426
"janones";0,392;0,325;0,518;0,056;0,313
"invadir";0,935;0,228;0,325;0,101;0
"intimidação";0,294;0,228;0;0,101;0,216
"interior";0,459;0,394;0,487;0,18;0,574
"inteiro";0,935;0,228;0,325;0,005;0,216
"ingênuo";0;0,325;0,422;0,181;0,313
"inglês";0,056;0,325;0,422;0,181;0,139
"informar";0,001;0,78;0,422;0,181;0,313
"informalidade";0,597;0,78;0,422;0,409;0,313
"imenso";0,056;0,78;0,422;0,798;0,313
"ideal";0,392;0,325;0,036;0,409;0,313
"guénon";0,392;0,325;0,422;0,003;0,313
"graça";0,779;0,977;0,69;0,66;0,259
"gomes";0,779;0,271;0,69;0,134;0,027
"globalização";0,294;0,228;0,167;0,311;0,825
"gesto";0,779;0,977;0,69;0,597;0,987
"ganho";0,338;0,001;0,69;0,134;0,259
"fórum";0,338;0,246;0,369;0,597;0,273
"fugir";0,225;0,391;0,325;0,449;0,825
"fraco";0,294;0,391;0,841;0,898;0,825
"fracasso";0,779;0,271;0,369;0,134;0,001
"foco";0,779;0,977;0,69;0,66;0,259
"focar";0,935;0,862;0,325;0,101;0,005
"flávio";0,392;0,325;0,422;0,181;0
"firme";0,935;0,228;0,325;0,449;0,005
"fingir";0,935;0,391;0,841;0,898;0,216
"filipino";0,294;0,862;0,325;0,101;0
"famoso";0,779;0,271;0,69;0,134;0,027
"familiar";0,935;0,228;0,325;0,058;0,825
"faixa";0,294;0;0,325;0,101;0,216
"face";0,597;0,325;0,422;0,056;0,313
"explicação";0,294;0,228;0,841;0,058;0,825
"excesso";0,294;0,391;0,841;0,898;0,825
"etc";0,338;0,271;0,69;0,017;0,259
"estável";0,779;0,977;0,369;0,66;0,987
"estudar";0,392;0,394;0,487;0,18;0,382
"equivaler";0,392;0;0,422;0,181;0,313
"equador";0,392;0,78;0,422;0,181;0,006
"endividamento";0,294;0;0,325;0,101;0,216
"encontro";0,294;0,391;0,325;0,058;0,216
"emergente";0,225;0,059;0,325;0,449;0,216
"elevado";0,338;0;0,369;0,134;0,259
"eleitorado";0,779;0,977;0,369;0,597;0,273
"déficit";0,338;0;0,369;0,134;0,259
"droga";0,392;0,005;0,422;0,798;0,313
"dominar";0,392;0,325;0,422;0,798;0,006
"divulgar";0;0,325;0,422;0,181;0,313
"distanciamento";0,294;0,391;0,167;0,449;0,825
"disputar";0,129;0,271;0,69;0,134;0,273
"disposto";0,001;0,228;0,325;0,101;0,426
"deteriorar";0,294;0;0,325;0,449;0,216
"deter";0,338;0,977;0,69;0,134;0,027
"destaque";0,779;0,271;0,09;0,134;0,273
"desrespeitar";0,225;0,228;0,841;0,898;0,825
"descrever";0,294;0,228;0,841;0,005;0,216
"demitir";0;0,228;0,325;0,449;0,216
"demissão";0;0,977;0,369;0,134;0,259
"deliberado";0,294;0,862;0,167;0,311;0,216
"defensor";0,294;0,862;0,01;0,449;0,825
"dedicar";0,597;0,123;0,422;0,181;0,815
"debater";0,294;0,862;0,325;0,058;0,825
"data";0,338;0,977;0,69;0,597;0,273
"dano";0,294;0,228;0,167;0,311;0,825
"daniel";0,392;0,544;0,487;0,928;0,382
"círculo";0,338;0,246;0,69;0,597;0,987
"cruz";0,338;0,246;0,369;0,597;0,273
"critério";0,056;0,325;0,036;0,181;0,313
"credibilidade";0,225;0,228;0,841;0,101;0,07
"costa";0,225;0,228;0,325;0,449;0,07
"corrigir";0,338;0,001;0,369;0,134;0,987
"corresponder";0,392;0,78;0,518;0,409;0,313
"convocar";0,779;0,271;0,369;0,134;0,001
"contínuo";0,294;0,228;0,167;0,311;0,825
"contramão";0,597;0,123;0,518;0,181;0,313
"conspiratório";0,294;0,228;0,325;0,058;0,426
"consistir";0,338;0,977;0,09;0,597;0,987
"condução";0,001;0,391;0,325;0,101;0,216
"conduta";0,294;0,391;0;0,101;0,216
"concluir";0,019;0,228;0,325;0,449;0,426
"compor";0,935;0,228;0,325;0,058;0,825
"competência";0,056;0,78;0,422;0,181;0,815
"cometer";0,019;0,862;0,841;0,449;0,216
"combinação";0,779;0,246;0,369;0,597;0,987
"colega";0,597;0,325;0,518;0,798;0,815
"cheque";0,294;0,228;0,325;0,005;0,825
"chegada";0,392;0,325;0,518;0,181;0,006
"centena";0,597;0,325;0,422;0,798;0,139
"castello";0;0,271;0,369;0,134;0,259
"cara";0,001;0,862;0,325;0,449;0,216
"bruto";0,338;0;0,369;0,134;0,259
"bolsonarista";0,597;0,123;0,422;0,798;0,313
"bolso";0,935;0,003;0,325;0,449;0,216
"barbosa";0,294;0,228;0;0,101;0,216
"autêntico";0,294;0,862;0;0,449;0,216
"autorizar";0,392;0,544;0,487;0,928;0,382
"assinante";0,338;0,977;0,369;0,134;0,001
"assembleia";0,225;0,862;0,841;0,898;0,216
"armar";0,338;0,271;0,369;0,159;0,273
"aprofundar";0,294;0,391;0,841;0,311;0,216
"apontado";0,779;0,001;0,369;0,134;0,259
"anúncio";0,001;0,228;0,325;0,449;0,825
"alvo";0,225;0,228;0,325;0,449;0,07
"alma";0,392;0,325;0,422;0,003;0,313
"alimento";0,338;0;0,369;0,134;0,259
"alertar";0,935;0,862;0,325;0,449;0,07
"albertazzi";0,294;0,228;0,325;0,101;0
"agressão";0,338;0,271;0;0,134;0,987
"agressivo";0,338;0,977;0,369;0,66;0,273
"agosto";0,129;0,977;0,369;0,597;0,987
"adesão";0,338;0,271;0,69;0,134;0,001
"adequado";0,294;0,862;0,325;0,005;0,216
"acumular";0,019;0,059;0,325;0,101;0,216
"acontecimento";0,935;0,228;0,325;0,898;0,07
"abril";0,129;0,977;0,369;0,134;0,273
"viés";0,392;0,325;0,036;0,409;0,313
"vizinho";0,392;0,325;0,422;0,409;0,139
"visível";0,338;0,246;0,369;0,66;0,987
"visar";0,392;0,78;0,036;0,181;0,815
"ventura";0,392;0,325;0,422;0,181;0
"veem";0,129;0,271;0,69;0,597;0,987
"variar";0,338;0,246;0,69;0,66;0,259
"variante";0,459;0,544;0,487;0,246;0,046
"valorização";0,129;0,022;0,369;0,134;0,259
"urgência";0,338;0,246;0,369;0,159;0,259
"urgente";0,338;0,022;0,369;0,66;0,259
"unir";0,392;0,325;0,422;0,409;0,139
"unidade";0,338;0,977;0,369;0,66;0,273
"ue";0,338;0,977;0,369;0,134;0,001
"título";0,597;0,123;0,422;0,798;0,313
"tratamento";0,392;0,394;0,328;0,928;0,382
"tratado";0,392;0,78;0,036;0,181;0,815
"teste";0,392;0,325;0,422;0,003;0,313
"tecnológico";0,459;0,544;0,328;0,928;0,382
"tecnocrata";0,338;0,977;0,09;0,134;0,273
"sustentável";0,338;0,022;0,369;0,597;0,987
"suspenso";0,459;0;0,487;0,246;0,382
"sucessor";0,014;0,394;0,487;0,246;0,574
"sombrio";0,459;0,394;0,487;0,18;0,574
"silêncio";0,129;0,271;0,369;0,597;0,273
"significado";0,392;0,325;0,422;0,003;0,313
"sessão";0,597;0,78;0,422;0,798;0,815
"servidor";0,779;0,022;0,369;0,597;0,259
"seringa";0,392;0,039;0,487;0,246;0,382
"separar";0,392;0,394;0,487;0,18;0,382
"sentimento";0,338;0,271;0,369;0,017;0,987
"secretário";0,338;0,246;0,369;0,597;0,273
"sanção";0,392;0,78;0,422;0,181;0,006
"sangue";0,779;0,271;0,369;0,66;0,273
"salvini";0,338;0,271;0,369;0,134;0
"ruptura";0,129;0,271;0,369;0,66;0,987
"rousseff";0;0,271;0,369;0,134;0,987
"romancista";0,459;0,394;0,487;0,18;0,574
"rival";0,392;0,325;0,518;0,181;0,006
"retrocesso";0,392;0,325;0,518;0,056;0,313
"resistir";0,392;0,325;0,518;0,056;0,313
"repassar";0,338;0,001;0,369;0,597;0,259
"renovável";0,779;0,022;0,369;0,597;0,259
"reino";0,338;0,271;0,69;0,134;0,001
"regulação";0,597;0,78;0,518;0,181;0,815
"registro";0,392;0,123;0,036;0,181;0,313
"reflexão";0,779;0,271;0,69;0,159;0,259
"redor";0,338;0,271;0,369;0,001;0,259
"recomendar";0,338;0,271;0,003;0,66;0,259
"receio";0,006;0,271;0,69;0,134;0,987
"reajuste";0,006;0,246;0,369;0,134;0,259
"radicalismo";0,338;0,271;0,369;0,017;0,987
"radar";0,779;0,246;0,69;0,597;0,259
"racial";0,338;0,271;0,369;0,017;0,987
"questionamento";0,392;0,78;0,422;0,409;0,815
"pós_verdade";0,338;0,271;0,369;0,001;0,259
"prosperar";0,338;0,271;0,69;0,159;0,987
"propósito";0,392;0,544;0,487;0,928;0,382
"propagar";0,338;0,977;0,003;0,597;0,259
"propaganda";0,392;0,325;0,422;0,003;0,313
"promoção";0,338;0,246;0,369;0,597;0,273
"prolongar";0,056;0,78;0,518;0,181;0,313
"previsão";0,459;0,394;0,487;0,246;0,001
"preocupante";0,392;0,78;0,422;0,181;0,006
"preocupado";0,459;0,544;0,328;0,928;0,382
"precipício";0,392;0,78;0,422;0,409;0,815
"polêmica";0,597;0,325;0,518;0,181;0,139
"planejar";0,338;0,271;0,69;0,66;0,273
"peste";0,129;0,022;0,369;0,134;0,259
"perón";0,392;0,325;0,518;0,056;0,313
"personalidade";0,338;0,271;0,69;0,66;0,273
"perseguir";0,338;0,271;0,09;0,159;0,259
"pequim";0,459;0,394;0,328;0,246;0,046
"pegar";0,056;0,78;0,422;0,798;0,313
"pautar";0,338;0,977;0,369;0,017;0,259
"patrocinar";0,459;0,394;0,328;0,18;0,382
"participante";0,006;0,977;0,369;0,597;0,259
"oriente";0,338;0,271;0,369;0,001;0,259
"orientação";0,338;0,271;0,69;0,597;0,027
"online";0,338;0,271;0,369;0,017;0,987
"oms";0,338;0,977;0,369;0,66;0,273
"oligárquico";0,392;0,325;0,036;0,409;0,313
"obscuro";0,338;0,271;0,369;0,159;0,273
"nomeação";0,779;0,977;0,369;0,134;0,027
"nomear";0,056;0,325;0,422;0,181;0,139
"negação";0,338;0,977;0,003;0,597;0,259
"necessitar";0,006;0,977;0,369;0,134;0,987
"nascer";0,338;0,271;0,09;0,159;0,259
"nacionalista";0,338;0,271;0,369;0,66;0,027
"música";0,392;0,325;0,422;0,798;0,006
"mágico";0,338;0,977;0,369;0,159;0,987
"muro";0,338;0,271;0,369;0,134;0
"mudado";0,392;0,325;0,422;0,056;0,815
"motivar";0,392;0,325;0,036;0,409;0,313
"moral";0,392;0,325;0,036;0,409;0,313
"moderação";0,597;0,325;0,518;0,409;0,313
"mistura";0,597;0,123;0,422;0,181;0,815
"militarização";0,392;0,394;0,487;0,928;0,574
"mexer";0;0,271;0,69;0,134;0,259
"mesa";0,392;0,123;0,422;0,409;0,313
"memória";0,129;0,271;0,69;0,66;0,259
"mello";0,392;0,325;0,036;0,409;0,313
"melhorar";0,392;0,123;0,422;0,409;0,313
"melhora";0,129;0,022;0,369;0,134;0,259
"mediação";0,338;0,271;0;0,134;0,259
"mccartney";0,597;0,325;0,422;0,409;0,815
"materialista";0,392;0,325;0,422;0,003;0,313
"mata";0,056;0,78;0,422;0,798;0,313
"mario";0,597;0,78;0,422;0,181;0,139
"marcelo";0,129;0,271;0,369;0,597;0,273
"manifesto";0,392;0,325;0,422;0,181;0
"maiúsculo";0,338;0,271;0,69;0,159;0,987
"magistrado";0,459;0,544;0,008;0,246;0,382
"luz";0,338;0,022;0,69;0,134;0,987
"limitação";0,779;0,022;0,369;0,597;0,259
"ligação";0,392;0,325;0,422;0,181;0
"ligado";0,006;0,977;0,369;0,134;0,987
"liberar";0,459;0;0,487;0,246;0,382
"legitimidade";0,338;0,271;0,003;0,597;0,987
"lacerda";0,392;0,325;0;0,798;0,313
"kamala";0,338;0,271;0,369;0,134;0
"jurisprudência";0,392;0,394;0,328;0,928;0,382
"junho";0,392;0,78;0,422;0,798;0,139
"japão";0,338;0,271;0,369;0,001;0,259
"irresponsável";0,338;0,977;0,003;0,597;0,259
"inúmero";0,597;0,123;0,422;0,798;0,313
"interferência";0,001;0,325;0,518;0,181;0,313
"interferir";0,392;0,123;0,422;0,181;0,139
"interessado";0,459;0,394;0,487;0,18;0,574
"inspirar";0,392;0,325;0,036;0,798;0,815
"infectado";0,459;0;0,487;0,246;0,382
"inclinação";0,392;0,123;0,422;0,409;0,313
"incentivar";0,338;0,977;0,69;0,597;0,273
"incapaz";0,338;0,977;0,69;0,159;0,259
"igualdade";0,392;0,325;0,422;0,056;0,815
"hábito";0,338;0,271;0,369;0,017;0,987
"horizonte";0,338;0,977;0,69;0,66;0,987
"hierarquia";0,459;0,394;0,487;0,01;0,382
"george";0,338;0,271;0,369;0,134;0
"físico";0,392;0,325;0,518;0,409;0,815
"fé";0,779;0,271;0,369;0,159;0,987
"frustração";0,056;0,78;0,422;0,181;0,815
"franco";0,597;0,78;0,422;0,798;0,815
"fragilidade";0,056;0,325;0,518;0,798;0,313
"formado";0,338;0,271;0,69;0,134;0,001
"fogueira";0,779;0,246;0,69;0,597;0,259
"fgv";0,779;0,022;0,69;0,134;0,259
"ferir";0,338;0,977;0,003;0,597;0,259
"felipe";0;0,394;0,487;0,246;0,382
"farto";0,338;0,271;0,69;0,017;0,259
"farsa";0,392;0,325;0;0,798;0,313
"facebook";0,392;0,394;0,487;0,18;0,382
"extensão";0,129;0,977;0,369;0,597;0,987
"explorar";0,779;0,977;0,369;0,66;0,987
"executar";0,056;0,123;0,422;0,181;0,313
"exclusão";0,392;0,123;0,422;0,409;0,313
"excluir";0,779;0,246;0,09;0,134;0,259
"estrela";0,392;0,78;0,422;0,798;0,139
"estender";0,392;0;0,422;0,181;0,313
"espectro";0,338;0,271;0,369;0,66;0,027
"esfera";0,338;0,977;0,69;0,159;0,259
"escócia";0,597;0,325;0,422;0,181;0,006
"escrita";0,459;0,394;0,487;0,18;0,574
"escapar";0,392;0,325;0,518;0,056;0,313
"erosão";0,338;0,271;0,003;0,66;0,259
"envelhecer";0,338;0,271;0,69;0,017;0,259
"enfraquecimento";0,392;0,123;0,518;0,798;0,313
"emmanuel";0,338;0,271;0,369;0,597;0,001
"embaixador";0,392;0,394;0,487;0,246;0,046
"eficaz";0,459;0,039;0,487;0,928;0,382
"edição";0,392;0,394;0,487;0,928;0,574
"diário";0,392;0,005;0,518;0,181;0,313
"diálogo";0,459;0,394;0,487;0,18;0,574
"ditador";0,338;0,271;0,09;0,597;0,273
"distanciar";0,338;0,271;0,369;0,134;0
"dirigir";0,338;0,271;0,369;0,017;0,987
"dezena";0,459;0,394;0,328;0,928;0,574
"dezembro";0,597;0,78;0,422;0,181;0,139
"detalhe";0,779;0,022;0,369;0,597;0,259
"destino";0,779;0,271;0,369;0,159;0,987
"desigual";0,392;0,78;0,422;0,409;0,815
"descontentamento";0,779;0,977;0,369;0,159;0,259
"desconfiança";0,129;0,271;0,09;0,597;0,259
"descer";0,338;0,977;0,369;0,134;0,001
"descaso";0,392;0,78;0,036;0,798;0,313
"desafiar";0,338;0,271;0,369;0,017;0,987
"denunciar";0,779;0,977;0,09;0,597;0,259
"custeio";0,338;0;0,369;0,134;0,259
"curva";0,338;0,001;0,369;0,134;0,987
"crueldade";0,459;0,394;0,008;0,928;0,382
"criação";0,597;0,005;0,422;0,181;0,313
"credo";0,338;0,271;0,369;0,001;0,259
"covid";0,779;0,246;0,69;0,597;0,259
"cortar";0,779;0,246;0,69;0,134;0,987
"corrupto";0,459;0,394;0,487;0,18;0,574
"coragem";0,779;0,271;0,69;0,66;0,987
"convencido";0,779;0,271;0,69;0,66;0,987
"contribuição";0,338;0,271;0,69;0,159;0,987
"contrato";0,459;0,394;0,008;0,246;0,574
"contratar";0,001;0,78;0,422;0,181;0,313
"contrapor";0,338;0,271;0,09;0,159;0,259
"contrapartida";0,129;0,246;0,369;0,134;0,987
"continente";0,338;0,271;0,69;0,134;0,001
"consenso";0,338;0,001;0,369;0,597;0,259
"conquistar";0,338;0,271;0,369;0,597;0,001
"congressista";0,597;0,325;0,422;0,181;0,006
"congelamento";0,338;0,001;0,369;0,134;0,987
"confusão";0,338;0,977;0,369;0,597;0,027
"confronto";0,392;0,325;0,422;0,181;0
"confrontar";0,338;0,977;0,09;0,597;0,987
"confiar";0,129;0,271;0,69;0,597;0,987
"conexão";0,338;0,271;0,369;0,001;0,259
"conectar";0,392;0,78;0,422;0,056;0,313
"conclusão";0,392;0,325;0,422;0,056;0,815
"conceber";0,779;0,271;0,69;0,66;0,987
"compreender";0,779;0,271;0,369;0,017;0,259
"compartilhar";0,338;0,271;0,69;0,159;0,987
"comentário";0,392;0,325;0,518;0,056;0,313
"colômbia";0,392;0,394;0,487;0,246;0,046
"cobrar";0,779;0,977;0,09;0,597;0,259
"cláusula";0,779;0,022;0,69;0,134;0,259
"clinton";0,338;0,271;0,369;0,134;0
"ciro";0,056;0,325;0,422;0,798;0,815
"choque";0,779;0,246;0,369;0,66;0,259
"charles";0,338;0,271;0,369;0,134;0
"cerimônia";0,338;0,271;0,369;0,134;0
"centro_esquerda";0,779;0,271;0,369;0,134;0,001
"centro_direita";0,779;0,271;0,369;0,134;0,001
"celebrar";0,338;0,271;0,09;0,66;0,987
"caráter";0,338;0,977;0,369;0,017;0,259
"carro";0,129;0,977;0,69;0,134;0,987
"carreira";0,129;0,271;0,369;0,66;0,987
"capricho";0,338;0,977;0,003;0,597;0,259
"capitão";0,014;0,394;0,487;0,246;0,574
"camboja";0,338;0,271;0,369;0,134;0
"britânico";0,392;0,325;0,422;0,798;0,006
"breve";0,459;0,039;0,328;0,246;0,382
"bloquear";0,338;0,271;0,369;0,134;0
"beneficiário";0,779;0,022;0,369;0,134;0,987
"bastidor";0,129;0,977;0,369;0,597;0,987
"barreira";0,779;0,271;0,369;0,134;0,001
"barack";0,338;0,977;0,369;0,134;0,001
"bandeira";0,779;0,271;0,369;0,597;0,027
"baixar";0,779;0,271;0,69;0,159;0,259
"atrair";0,006;0,977;0,369;0,134;0,987
"assegurar";0,597;0,78;0,518;0,798;0,313
"arte";0,338;0,271;0,69;0,017;0,259
"aquecimento";0,392;0,123;0,518;0,798;0,313
"apelar";0,338;0,271;0,369;0,017;0,987
"ansiedade";0,392;0,325;0,422;0,056;0,815
"amarelo";0,597;0,78;0,422;0,409;0,313
"alternativa";0,779;0,271;0,369;0,597;0,027
"alteração";0,392;0,123;0,422;0,409;0,313
"alterar";0,459;0,039;0,487;0,928;0,382
"agulha";0,392;0,039;0,487;0,246;0,382
"adicional";0,779;0,001;0,369;0,134;0,259
"acusação";0,001;0,325;0,518;0,181;0,313
"acionar";0,338;0,001;0,69;0,134;0,259
"abuso";0,779;0,246;0,69;0,597;0,259
"abraçar";0;0,271;0,369;0,134;0,259
"óleo";0,001;0,78;0,422;0,181;0,313
"*tit_13";0,281;0,01;0,891;0,022;0,342
"*tit_32";0,573;0,027;0,147;0,565;0,278
"*tit_33";0,257;0,543;0,288;0,02;0,181
"*tit_30";0,687;0;0;0,002;0
"*tit_31";0,277;0;0,183;0,026;0,094
"*tit_36";0;0,941;0,108;0,032;0,043
"*tit_37";0,072;0;0,03;0,001;0,023
"*tit_34";0,718;0,293;0,228;0,109;0,129
"*tit_35";0,059;0,001;0,093;0;0,789
"*tit_38";0;0,481;0,419;0,009;0,05
"*tit_39";0,455;0,693;0,912;0,717;0,583
"*dia_15_03";0,281;0,01;0,891;0,022;0,342
"*tit_22";0,202;0;0,204;0,034;0,11
"*dia_15_01";0,018;0,069;0,085;0,012;0,012
"*aut_54";0,018;0,025;0,653;0,366;0
"*aut_48";0,854;0,392;0,041;0,493;0,062
"*aut_49";0,646;0,061;0,262;0,005;0
"*tit_138";0,025;0,269;0,884;0,572;0
"*tit_139";0,226;0,163;0,256;0,259;0
"*aut_40";0,071;0;0,072;0,042;0,023
"*dia_04_01";0,023;0,032;0,946;0;0,082
"*aut_42";0,288;0,007;0,954;0,237;0,02
"*dia_04_03";0,168;0,179;0;0,002;0,321
"*aut_44";0,155;0,011;0,204;0,308;0,189
"*aut_45";0,1;0,043;0,012;0,001;0,01
"*aut_46";0,558;0,102;0,03;0,116;0,037
"*aut_47";0,082;0,008;0,52;0,431;0
"*dia_06_02";0,854;0,392;0,041;0,493;0,062
"*dia_19_02";0,742;0;0,108;0,007;0,043
"*dia_19_03";0,903;0,065;0,11;0,033;0,058
"*tit_46";0,802;0;0,677;0,026;0,094
"*aut_51";0,356;0,42;0,34;0,893;0,348
"*dia_06_01";0,193;0,026;0,044;0,536;0
"*aut_27";0,207;0,094;0;0;0,001
"*tit_131";0,08;0,069;0;0,042;0,006
"*dia_08_02";0,558;0,102;0,03;0,116;0,037
"*dia_08_03";0;0,001;0,01;0,001;0,004
"*tit_47";0,217;0,116;0,079;0,053;0
"*dia_06_03";0,008;0,823;0,007;0;0,001
"*tit_45";0,742;0;0,108;0,007;0,043
"*tit_44";0,071;0;0,072;0,042;0,023
"*tit_43";0,018;0;0,093;0,036;0,005
"*tit_42";0,494;0,225;0,777;0,419;0,08
"*tit_41";0,494;0,805;0;0,09;0,302
"*tit_40";0;0,47;0,011;0,004;0,015
"*jor_01";0;0,127;0,036;0;0,067
"*jor_02";0;0,127;0,036;0;0,067
"*dia_18_01";0,016;0,004;0,078;0;0,016
"*tit_49";0,1;0,043;0,012;0,001;0,01
"*tit_48";0,155;0,011;0,204;0,308;0,189
"*dia_07_01";0,028;0,012;0,82;0,085;0
"*tit_129";0,446;0;0,519;0,069;0,068
"*tit_128";0,332;0,229;0,847;0,252;0,143
"*tit_127";0,052;0,916;0,21;0,134;0
"*tit_126";0,632;0,448;0,001;0,454;0,418
"*tit_125";0,225;0,228;0,325;0,449;0,07
"*tit_123";0,455;0;0,256;0,058;0,153
"*dia_11_03";0,054;0;0,088;0,123;0,022
"*tit_121";0,023;0,546;0,226;0,234;0,076
"*tit_120";0;0,099;0,097;0,006;0,037
"*tit_03";0,097;0,209;0;0,041;0,188
"*dia_07_02";0,051;0,144;0,626;0,35;0
"*aut_122";0,994;0,282;0,147;0,073;0,802
"*tit_06";0;0,282;0,334;0,224;0,068
"*dia_01_03";0,632;0,119;0,724;0,046;0,982
"*dia_01_02";0,086;0,088;0,164;0,284;0,01
"*dia_01_01";0,022;0,47;0,832;0,573;0,053
"*tit_05";0,061;0;0,079;0,015;0,102
"*tit_04";0,578;0,974;0,138;0,987;0,068
"*dia_27_03";0,854;0,943;0,093;0,008;0,062
"*dia_27_02";0,018;0,642;0,713;0,314;0,84
"*tit_24";0,086;0,328;0,579;0,656;0,684
"*tit_54";0,044;0,076;0,067;0,001;0,065
"*tit_55";0,025;0,899;0,679;0,325;0
"*tit_56";0,931;0,192;0,288;0,076;0
"*tit_57";0,356;0,42;0,34;0,893;0,348
"*tit_50";0,558;0,102;0,03;0,116;0,037
"*tit_51";0,498;0,027;0,424;0,692;0,1
"*tit_52";0,854;0,392;0,041;0,493;0,062
"*tit_53";0,173;0,622;0,962;0,054;0,15
"*tit_58";0,63;0,145;0,788;0,105;0
"*tit_59";0,028;0,127;0,04;0,01;0
"*tit_112";0;0,322;0,277;0,152;0,624
"*tit_113";0,001;0,058;0,228;0,044;0,129
"*tit_110";0,854;0,943;0,093;0,008;0,062
"*tit_111";0,002;0,118;0,288;0,076;0,181
"*tit_116";0,632;0,119;0,724;0,046;0,982
"*tit_117";0,307;0,068;0,195;0,11;0,878
"*tit_114";0,437;0;0,147;0,016;0,068
"*tit_115";0;0,174;0,119;0,009;0,502
"*tit_118";0;0,827;0,629;0,787;0,027
"*dia_02_02";0,955;0,51;0,901;0,791;0,773
"*tit_01";0,035;0,057;0,167;0,797;0
"*aut_34";0,072;0;0,03;0,001;0,023
"*dia_25_01";0,356;0,42;0,34;0,893;0,348
"*dia_25_02";0,001;0,058;0,228;0,044;0,129
"*dia_03_01";0,138;0,088;0,164;0,152;0,01
"*dia_03_03";0,927;0,168;0;0;0
"*dia_09_03";0,28;0;0,361;0,085;0,01
"*dia_09_02";0,573;0,891;0,875;0,001;0,001
"*aut_38";0,494;0,225;0,777;0,419;0,08
"*tit_61";0,016;0,004;0,078;0;0,016
"*tit_60";0,139;0,066;0,472;0;0,728
"*tit_63";0,018;0,025;0,653;0,366;0
"*tit_62";0,202;0,967;0,724;0,534;0,11
"*tit_65";0,994;0,282;0,519;0,003;0,068
"*tit_64";0,018;0,007;0,093;0;0,969
"*tit_67";0,028;0,012;0,82;0,085;0
"*tit_66";0,023;0,009;0,243;0,003;0,88
"*tit_69";0,173;0,087;0,564;0,009;0,687
"*tit_68";0,111;0,049;0,152;0,04;0
"*aut_102";0,006;0,372;0,736;0,068;0,331
"*aut_103";0;0;0;0;0
"*aut_104";0,069;0,036;0,306;0;0,119
"*aut_105";0,608;0,001;0,306;0,824;0,032
"*aut_106";0,406;0,02;0,555;0,308;0,177
"*aut_107";0,854;0,943;0,093;0,008;0,062
"*aut_17";0,718;0,525;0,812;0,379;0,885
"*aut_16";0;0,28;0,152;0,105;0,042
"*aut_15";0,294;0,228;0,01;0,311;0,216
"*aut_14";0;0;0,044;0;0,002
"*tit_101";0,109;0,389;0,962;0,033;0,058
"*aut_12";0,281;0,01;0,891;0,022;0,342
"*aut_11";0,819;0,546;0,954;0,06;0,188
"*aut_10";0,194;0;0,25;0,042;0,023
"*tit_07";0,064;0,007;0,326;0,612;0
"*tit_109";0,903;0,065;0,11;0,033;0,058
"*dia_14_03";0;0,134;0,088;0,189;0,032
"*aut_19";0,155;0,003;0,677;0,793;0,094
"*aut_18";0,069;0;0,306;0,189;0,119
"*tit_23";0;0,7;0,204;0,194;0,017
"*dia_13_03";0,032;0,013;0,152;0;0,643
"*tit_70";0,089;0,111;0,125;0,489;0
"*dia_24_03";0,061;0;0,079;0,015;0,102
"*tit_71";0,122;0,303;0,01;0,991;0,068
"*dia_23_01";0,63;0,145;0,788;0,105;0
"*tit_134";0,122;0,303;0,872;0,991;0,802
"*dia_23_02";0,001;0;0,001;0;0,001
"*aut_118";0,027;0,321;0,284;0,093;0
"*dia_30_03";0,023;0,926;0,042;0,043;0,17
"*aut_13";0;0,134;0,088;0,189;0,032
"*dia_30_01";0,044;0,076;0,067;0,001;0,065
"*aut_113";0,173;0,027;0,132;0,054;0,915
"*aut_112";0,307;0,068;0,195;0,11;0,878
"*aut_111";0,632;0,119;0,724;0,046;0,982
"*aut_110";0,235;0;0,003;0,033;0,95
"*aut_117";0,08;0,069;0;0,042;0,006
"*aut_116";0,593;0,114;0,082;0,403;0,107
"*aut_115";0,052;0,916;0,21;0,134;0
"*aut_114";0,632;0,448;0,001;0,454;0,418
"*aut_04";0;0;0,157;0;0,405
"*aut_05";0,061;0;0,079;0,015;0,102
"*aut_06";0;0,282;0,334;0,224;0,068
"*aut_07";0,064;0,007;0,326;0,612;0
"*aut_01";0,002;0,159;0,209;0,588;0
"*aut_02";0,008;0,002;0,044;0;0,487
"*aut_03";0,023;0,827;0;0,132;0,027
"*aut_08";0,001;0,002;0;0,522;0
"*aut_09";0,084;0,617;0,256;0,717;0,74
"*dia_17_03";0,212;0,078;0,134;0,019;0,15
"*aut_108";0,01;0,566;0,275;0,931;0,064
"*aut_53";0,028;0,127;0,04;0,01;0
"*aut_109";0;0,395;0,125;0,008;0,031
"*tit_103";0,035;0;0,088;0,004;0,119
"*dia_22_01";0,455;0;0,256;0,058;0,153
"*dia_22_02";0;0,915;0,947;0;0
"*dia_22_03";0;0;0;0,411;0,581
"*dia_12_03";0,002;0;0,356;0,002;0,001
"*dia_12_02";0,111;0,049;0,152;0,04;0
"*aut_41";0,742;0;0,108;0,007;0,043
"*dia_05_03";0,196;0,003;0,003;0;0,012
"*tit_136";0,072;0,008;0,582;0,696;0
"*dia_05_02";0,025;0,269;0,884;0,572;0
"*tit_09";0,084;0,617;0,256;0,717;0,74
"*tit_08";0,001;0,002;0;0,522;0
"*dia_05_01";0,173;0,087;0,564;0,009;0,687
"*dia_23_03";0;0,282;0,334;0,224;0,068
"*tit_02";0,226;0,163;0,256;0;0,153
"*aut_124";0,294;0,228;0,01;0,898;0,825
"*aut_125";0,023;0,032;0,946;0;0,082
"*dia_28_02";0,307;0,068;0,195;0,11;0,878
"*aut_123";0,173;0,247;0,226;0,009;0
"*aut_120";0,013;0,002;0,063;0,006;0
"*aut_121";0,025;0,269;0,884;0,572;0
"*aut_31";0,802;0,3;0,34;0,358;0,138
"*aut_30";0,257;0,543;0,288;0,02;0,181
"*aut_33";0;0,941;0,108;0,032;0,043
"*aut_32";0,059;0,001;0,093;0;0,789
"*aut_35";0;0,481;0,419;0,009;0,05
"*tit_132";0,608;0,136;0,728;0,189;0,838
"*aut_37";0,494;0,805;0;0,09;0,302
"*aut_36";0;0,47;0,011;0,004;0,015
"*aut_39";0,018;0;0,093;0,036;0,005
"*dia_31_01";0,051;0,772;0,041;0,245;0,014
"*dia_09_01";0,059;0,005;0,547;0;0,364
"*tit_133";0,111;0,049;0,152;0,04;0
"*dia_10_03";0;0,322;0,277;0,152;0,624
"*dia_26_01";0;0,672;0,013;0;0,079
"*dia_26_02";0,061;0,015;0,042;0;0,684
"*dia_26_03";0,146;0,429;0,001;0,21;0,51
"*dia_21_03";0,109;0,389;0,962;0,033;0,058
"*dia_21_02";0,067;0;0,009;0,001;0
"*tit_18";0;0,28;0,152;0,105;0,042
"*tit_105";0,069;0,036;0,306;0;0,119
"*dia_16_03";0,256;0;0,362;0,762;0,01
"*dia_16_02";0,802;0;0,677;0,026;0,094
"*dia_16_01";0,018;0,025;0,653;0,366;0
"*tit_104";0,337;0,012;0,288;0,34;0,181
"*tit_10";0,02;0,085;0,275;0,004;0,148
"*tit_11";0,194;0;0,25;0,042;0,023
"*tit_12";0,819;0,546;0,954;0,06;0,188
"*dia_19_01";0,146;0,694;0,757;0,07;0,901
"*tit_14";0;0,134;0,088;0,189;0,032
"*tit_15";0,032;0,013;0,152;0;0,643
"*tit_16";0;0;0,044;0;0,002
"*tit_17";0,294;0,228;0,01;0,311;0,216
"*tit_106";0,608;0,001;0,306;0,824;0,032
"*aut_28";0,277;0;0,183;0,026;0,094
"*aut_29";0,573;0,027;0,147;0,565;0,278
"*aut_26";0,003;0;0,002;0;0,02
"*dia_29_01";0,08;0,069;0;0,042;0,006
"*aut_24";0,008;0,005;0,014;0;0,004
"*aut_25";0,608;0,134;0,736;0,023;0,701
"*aut_22";0,086;0,328;0,579;0,656;0,684
"*aut_23";0;0,002;0,059;0,007;0,065
"*aut_20";0,202;0;0,204;0,034;0,11
"*aut_21";0;0,7;0,204;0,194;0,017
"*tit_130";0;0,953;0,072;0,003;0,088
"*tit_19";0,718;0,525;0,812;0,379;0,885
"*tit_107";0,007;0,029;0,256;0,058;0,153
"*tit_102";0,006;0,372;0,736;0,068;0,331
"*tit_25";0;0,002;0,059;0,007;0,065
"*aut_43";0,007;0,001;0,014;0,057;0
"*tit_27";0,608;0,134;0,736;0,023;0,701
"*tit_26";0,008;0,005;0,014;0;0,004
"*tit_21";0,155;0,003;0,677;0,793;0,094
"*tit_20";0,069;0;0,306;0,189;0,119
"*dia_13_02";0,217;0,116;0,079;0,053;0
"*dia_17_01";0,443;0,869;0,283;0,676;0,382
"*dia_13_01";0,08;0,097;0,086;0,787;0,041
"*aut_57";0,028;0,012;0,82;0,085;0
"*tit_29";0,168;0,179;0;0,002;0,321
"*tit_28";0,003;0;0,002;0;0,02
"*aut_50";0,931;0,192;0,288;0,076;0
"*tit_135";0,225;0,228;0,325;0,449;0,07
"*aut_52";0,63;0,145;0,788;0,105;0
"*aut_101";0,035;0,493;0,688;0,003;0,013
"*aut_56";0,023;0,009;0,243;0,003;0,88
"*tit_137";0,089;0,111;0,036;0;0
"*aut_58";0,173;0,087;0,564;0,009;0,687
"*dia_20_02";0,175;0,967;0,573;0,046;0,11
"*aut_55";0,994;0,282;0,519;0,003;0,068
"*dia_20_01";0,006;0,026;0,003;0;0
"*tit_141";0;0,953;0,072;0,003;0,088
"*tit_140";0,194;0,282;0,006;0,692;0,555
"*tit_143";0,138;0,088;0,164;0,152;0,01
"*tit_142";0,994;0,282;0,147;0,073;0,802
"*tit_145";0,812;0,011;0,204;0,71;0,436
"*tit_144";0,173;0,247;0,226;0,009;0
"*tit_147";0,023;0,032;0,946;0;0,082
"*tit_146";0,294;0,228;0,01;0,898;0,825
